<?xml version="1.0" encoding="UTF-8"?>
<export version="E">
  <design>
    <source>C:\Users\janos\OneDrive\AVR_PCB-DESIGN\KICAD_PROJECTS\DOTM_MAINB\dot_mainb\dot_mainb.kicad_sch</source>
    <date>03/30/24 9:23:15 AM</date>
    <tool>Eeschema 7.0.10</tool>
    <sheet number="1" name="/" tstamps="/">
      <title_block>
        <title>LED _M22</title>
        <company>ULTRA-SOFT</company>
        <rev>1.0</rev>
        <date>2023-01-23</date>
        <source>dot_mainb.kicad_sch</source>
        <comment number="1" value=""/>
        <comment number="2" value=""/>
        <comment number="3" value=""/>
        <comment number="4" value=""/>
        <comment number="5" value=""/>
        <comment number="6" value=""/>
        <comment number="7" value=""/>
        <comment number="8" value=""/>
        <comment number="9" value=""/>
      </title_block>
    </sheet>
  </design>
  <components>
    <comp ref="C1">
      <value>22pf</value>
      <footprint>Capacitor_SMD:C_1206_3216Metric_Pad1.33x1.80mm_HandSolder</footprint>
      <libsource lib="Device" part="C" description="Unpolarized capacitor"/>
      <property name="Sheetname" value=""/>
      <property name="Sheetfile" value="dot_mainb.kicad_sch"/>
      <property name="ki_description" value="Unpolarized capacitor"/>
      <property name="ki_keywords" value="cap capacitor"/>
      <sheetpath names="/" tstamps="/"/>
      <tstamps>afe8e904-9524-42bf-a6ad-24a589e6ee35</tstamps>
    </comp>
    <comp ref="C2">
      <value>22pf</value>
      <footprint>Capacitor_SMD:C_1206_3216Metric_Pad1.33x1.80mm_HandSolder</footprint>
      <libsource lib="Device" part="C" description="Unpolarized capacitor"/>
      <property name="Sheetname" value=""/>
      <property name="Sheetfile" value="dot_mainb.kicad_sch"/>
      <property name="ki_description" value="Unpolarized capacitor"/>
      <property name="ki_keywords" value="cap capacitor"/>
      <sheetpath names="/" tstamps="/"/>
      <tstamps>9656c904-100d-400f-85ee-33cd2d6e4f45</tstamps>
    </comp>
    <comp ref="C3">
      <value>100nf</value>
      <footprint>Capacitor_SMD:C_1206_3216Metric_Pad1.33x1.80mm_HandSolder</footprint>
      <libsource lib="Device" part="C" description="Unpolarized capacitor"/>
      <property name="Sheetname" value=""/>
      <property name="Sheetfile" value="dot_mainb.kicad_sch"/>
      <property name="ki_description" value="Unpolarized capacitor"/>
      <property name="ki_keywords" value="cap capacitor"/>
      <sheetpath names="/" tstamps="/"/>
      <tstamps>ad947ad3-ac28-4111-ad70-52652df67174</tstamps>
    </comp>
    <comp ref="C4">
      <value>100nf</value>
      <footprint>Capacitor_SMD:C_1206_3216Metric_Pad1.33x1.80mm_HandSolder</footprint>
      <libsource lib="Device" part="C" description="Unpolarized capacitor"/>
      <property name="Sheetname" value=""/>
      <property name="Sheetfile" value="dot_mainb.kicad_sch"/>
      <property name="ki_description" value="Unpolarized capacitor"/>
      <property name="ki_keywords" value="cap capacitor"/>
      <sheetpath names="/" tstamps="/"/>
      <tstamps>0029b656-bb24-4101-8be7-b87b829a6b60</tstamps>
    </comp>
    <comp ref="C5">
      <value>10nf</value>
      <footprint>Capacitor_SMD:C_1206_3216Metric_Pad1.33x1.80mm_HandSolder</footprint>
      <libsource lib="Device" part="C" description="Unpolarized capacitor"/>
      <property name="Sheetname" value=""/>
      <property name="Sheetfile" value="dot_mainb.kicad_sch"/>
      <property name="ki_description" value="Unpolarized capacitor"/>
      <property name="ki_keywords" value="cap capacitor"/>
      <sheetpath names="/" tstamps="/"/>
      <tstamps>1d7dc3b4-243e-4ffd-81a6-b648d385c632</tstamps>
    </comp>
    <comp ref="C6">
      <value>100nf</value>
      <footprint>Capacitor_SMD:C_1206_3216Metric_Pad1.33x1.80mm_HandSolder</footprint>
      <libsource lib="Device" part="C" description="Unpolarized capacitor"/>
      <property name="Sheetname" value=""/>
      <property name="Sheetfile" value="dot_mainb.kicad_sch"/>
      <property name="ki_description" value="Unpolarized capacitor"/>
      <property name="ki_keywords" value="cap capacitor"/>
      <sheetpath names="/" tstamps="/"/>
      <tstamps>58bd49c3-be3f-48ab-8dba-3380795e46a3</tstamps>
    </comp>
    <comp ref="C7">
      <value>100nf</value>
      <footprint>Capacitor_SMD:C_1206_3216Metric_Pad1.33x1.80mm_HandSolder</footprint>
      <libsource lib="Device" part="C" description="Unpolarized capacitor"/>
      <property name="Sheetname" value=""/>
      <property name="Sheetfile" value="dot_mainb.kicad_sch"/>
      <property name="ki_description" value="Unpolarized capacitor"/>
      <property name="ki_keywords" value="cap capacitor"/>
      <sheetpath names="/" tstamps="/"/>
      <tstamps>2166200b-5a62-4f0f-a57f-cd86dbf2af47</tstamps>
    </comp>
    <comp ref="C8">
      <value>100nf</value>
      <footprint>Capacitor_SMD:C_1206_3216Metric_Pad1.33x1.80mm_HandSolder</footprint>
      <libsource lib="Device" part="C" description="Unpolarized capacitor"/>
      <property name="Sheetname" value=""/>
      <property name="Sheetfile" value="dot_mainb.kicad_sch"/>
      <property name="ki_description" value="Unpolarized capacitor"/>
      <property name="ki_keywords" value="cap capacitor"/>
      <sheetpath names="/" tstamps="/"/>
      <tstamps>bf871f89-360f-41f3-80c3-5f50850d0a77</tstamps>
    </comp>
    <comp ref="C9">
      <value>2200/16v</value>
      <footprint>Capacitor_THT:CP_Radial_D12.5mm_P5.00mm</footprint>
      <libsource lib="Device" part="C_Polarized" description="Polarized capacitor"/>
      <property name="Sheetname" value=""/>
      <property name="Sheetfile" value="dot_mainb.kicad_sch"/>
      <property name="ki_description" value="Polarized capacitor"/>
      <property name="ki_keywords" value="cap capacitor"/>
      <sheetpath names="/" tstamps="/"/>
      <tstamps>3843291c-ee83-4e21-9c3b-c267617aa27a</tstamps>
    </comp>
    <comp ref="C10">
      <value>100nf</value>
      <footprint>Capacitor_SMD:C_1206_3216Metric_Pad1.33x1.80mm_HandSolder</footprint>
      <libsource lib="Device" part="C" description="Unpolarized capacitor"/>
      <property name="Sheetname" value=""/>
      <property name="Sheetfile" value="dot_mainb.kicad_sch"/>
      <property name="ki_description" value="Unpolarized capacitor"/>
      <property name="ki_keywords" value="cap capacitor"/>
      <sheetpath names="/" tstamps="/"/>
      <tstamps>c7216769-8e9d-4094-bad3-251d491fbc78</tstamps>
    </comp>
    <comp ref="C11">
      <value>100nf</value>
      <footprint>Capacitor_SMD:C_1206_3216Metric_Pad1.33x1.80mm_HandSolder</footprint>
      <libsource lib="Device" part="C" description="Unpolarized capacitor"/>
      <property name="Sheetname" value=""/>
      <property name="Sheetfile" value="dot_mainb.kicad_sch"/>
      <property name="ki_description" value="Unpolarized capacitor"/>
      <property name="ki_keywords" value="cap capacitor"/>
      <sheetpath names="/" tstamps="/"/>
      <tstamps>50cf4dc6-7095-4627-819e-3628477c3d4f</tstamps>
    </comp>
    <comp ref="C12">
      <value>100nf</value>
      <footprint>Capacitor_SMD:C_1206_3216Metric_Pad1.33x1.80mm_HandSolder</footprint>
      <libsource lib="Device" part="C" description="Unpolarized capacitor"/>
      <property name="Sheetname" value=""/>
      <property name="Sheetfile" value="dot_mainb.kicad_sch"/>
      <property name="ki_description" value="Unpolarized capacitor"/>
      <property name="ki_keywords" value="cap capacitor"/>
      <sheetpath names="/" tstamps="/"/>
      <tstamps>b4c1966d-88f9-4481-862c-315a614f3126</tstamps>
    </comp>
    <comp ref="C13">
      <value>1000/6.3</value>
      <footprint>Capacitor_THT:CP_Radial_D12.5mm_P5.00mm</footprint>
      <libsource lib="Device" part="C_Polarized" description="Polarized capacitor"/>
      <property name="Sheetname" value=""/>
      <property name="Sheetfile" value="dot_mainb.kicad_sch"/>
      <property name="ki_description" value="Polarized capacitor"/>
      <property name="ki_keywords" value="cap capacitor"/>
      <sheetpath names="/" tstamps="/"/>
      <tstamps>d6fda7f5-60fb-479d-8fd3-3778ac4aa20c</tstamps>
    </comp>
    <comp ref="C14">
      <value>100nf</value>
      <footprint>Capacitor_SMD:C_1206_3216Metric_Pad1.33x1.80mm_HandSolder</footprint>
      <libsource lib="Device" part="C" description="Unpolarized capacitor"/>
      <property name="Sheetname" value=""/>
      <property name="Sheetfile" value="dot_mainb.kicad_sch"/>
      <property name="ki_description" value="Unpolarized capacitor"/>
      <property name="ki_keywords" value="cap capacitor"/>
      <sheetpath names="/" tstamps="/"/>
      <tstamps>b69ed749-dcb3-4550-b91f-7b174f0604d8</tstamps>
    </comp>
    <comp ref="C15">
      <value>100nf</value>
      <footprint>Capacitor_SMD:C_1206_3216Metric_Pad1.33x1.80mm_HandSolder</footprint>
      <libsource lib="Device" part="C" description="Unpolarized capacitor"/>
      <property name="Sheetname" value=""/>
      <property name="Sheetfile" value="dot_mainb.kicad_sch"/>
      <property name="ki_description" value="Unpolarized capacitor"/>
      <property name="ki_keywords" value="cap capacitor"/>
      <sheetpath names="/" tstamps="/"/>
      <tstamps>8e436179-a793-42ad-ad35-06fb6f67f415</tstamps>
    </comp>
    <comp ref="C16">
      <value>1000/6.3</value>
      <footprint>Capacitor_SMD:C_Elec_8x10.2</footprint>
      <libsource lib="Device" part="C_Polarized" description="Polarized capacitor"/>
      <property name="Sheetname" value=""/>
      <property name="Sheetfile" value="dot_mainb.kicad_sch"/>
      <property name="ki_description" value="Polarized capacitor"/>
      <property name="ki_keywords" value="cap capacitor"/>
      <sheetpath names="/" tstamps="/"/>
      <tstamps>38bfb771-3490-48a6-8f56-7d13bc9c2eda</tstamps>
    </comp>
    <comp ref="C17">
      <value>1000/6.3</value>
      <footprint>Capacitor_SMD:C_Elec_8x10.2</footprint>
      <libsource lib="Device" part="C_Polarized" description="Polarized capacitor"/>
      <property name="Sheetname" value=""/>
      <property name="Sheetfile" value="dot_mainb.kicad_sch"/>
      <property name="ki_description" value="Polarized capacitor"/>
      <property name="ki_keywords" value="cap capacitor"/>
      <sheetpath names="/" tstamps="/"/>
      <tstamps>8a8a8361-851b-49ce-85fd-c2a0e2807d00</tstamps>
    </comp>
    <comp ref="C18">
      <value>1000/6.3</value>
      <footprint>Capacitor_SMD:C_Elec_8x10.2</footprint>
      <libsource lib="Device" part="C_Polarized" description="Polarized capacitor"/>
      <property name="Sheetname" value=""/>
      <property name="Sheetfile" value="dot_mainb.kicad_sch"/>
      <property name="ki_description" value="Polarized capacitor"/>
      <property name="ki_keywords" value="cap capacitor"/>
      <sheetpath names="/" tstamps="/"/>
      <tstamps>6acedf64-9650-420d-9dc6-9f44ed81180f</tstamps>
    </comp>
    <comp ref="D1">
      <value>LED</value>
      <footprint>LED_THT:LED_D5.0mm</footprint>
      <libsource lib="Device" part="LED" description="Light emitting diode"/>
      <property name="Sheetname" value=""/>
      <property name="Sheetfile" value="dot_mainb.kicad_sch"/>
      <property name="ki_description" value="Light emitting diode"/>
      <property name="ki_keywords" value="LED diode"/>
      <sheetpath names="/" tstamps="/"/>
      <tstamps>8d960590-9602-469d-9124-6227c2527960</tstamps>
    </comp>
    <comp ref="J1">
      <value>Conn_GPS</value>
      <footprint>AVR_FOOTPRINT_Library:DEGSON 3P</footprint>
      <libsource lib="Connector" part="Conn_01x03_Male" description="Generic connector, single row, 01x03, script generated (kicad-library-utils/schlib/autogen/connector/)"/>
      <property name="Sheetname" value=""/>
      <property name="Sheetfile" value="dot_mainb.kicad_sch"/>
      <property name="ki_description" value="Generic connector, single row, 01x03, script generated (kicad-library-utils/schlib/autogen/connector/)"/>
      <property name="ki_keywords" value="connector"/>
      <sheetpath names="/" tstamps="/"/>
      <tstamps>8c7da973-516c-4ae7-a75d-ae4e39d7f94f</tstamps>
    </comp>
    <comp ref="J2">
      <value>Conn_ISP</value>
      <footprint>Connector_PinHeader_2.54mm:PinHeader_1x05_P2.54mm_Vertical</footprint>
      <libsource lib="Connector" part="Conn_01x05_Male" description="Generic connector, single row, 01x05, script generated (kicad-library-utils/schlib/autogen/connector/)"/>
      <property name="Sheetname" value=""/>
      <property name="Sheetfile" value="dot_mainb.kicad_sch"/>
      <property name="ki_description" value="Generic connector, single row, 01x05, script generated (kicad-library-utils/schlib/autogen/connector/)"/>
      <property name="ki_keywords" value="connector"/>
      <sheetpath names="/" tstamps="/"/>
      <tstamps>663f018c-d002-4218-ab10-65d4ab422f84</tstamps>
    </comp>
    <comp ref="J3">
      <value>Conn_DS18</value>
      <footprint>AVR_FOOTPRINT_Library:DEGSON 3P</footprint>
      <libsource lib="Connector" part="Conn_01x03_Female" description="Generic connector, single row, 01x03, script generated (kicad-library-utils/schlib/autogen/connector/)"/>
      <property name="Sheetname" value=""/>
      <property name="Sheetfile" value="dot_mainb.kicad_sch"/>
      <property name="ki_description" value="Generic connector, single row, 01x03, script generated (kicad-library-utils/schlib/autogen/connector/)"/>
      <property name="ki_keywords" value="connector"/>
      <sheetpath names="/" tstamps="/"/>
      <tstamps>49e9cfc5-2b64-47cc-8b71-106ee9be18ec</tstamps>
    </comp>
    <comp ref="J4">
      <value>Conn_BLU</value>
      <footprint>Connector_PinHeader_2.54mm:PinHeader_1x06_P2.54mm_Vertical</footprint>
      <libsource lib="Connector" part="Conn_01x06_Female" description="Generic connector, single row, 01x06, script generated (kicad-library-utils/schlib/autogen/connector/)"/>
      <property name="Sheetname" value=""/>
      <property name="Sheetfile" value="dot_mainb.kicad_sch"/>
      <property name="ki_description" value="Generic connector, single row, 01x06, script generated (kicad-library-utils/schlib/autogen/connector/)"/>
      <property name="ki_keywords" value="connector"/>
      <sheetpath names="/" tstamps="/"/>
      <tstamps>589ba4bd-22ba-4b43-aa9f-ad1da63519a4</tstamps>
    </comp>
    <comp ref="J5">
      <value>CON_PWR</value>
      <footprint>AVR_FOOTPRINT_Library:Degson 2p</footprint>
      <fields>
        <field name="Description">PCB Universal Screw Terminal Block, 2 Position</field>
        <field name="Height">12.6</field>
        <field name="Manufacturer_Name">Degson</field>
        <field name="Manufacturer_Part_Number">DG300-5.0-02P-12-00A(H)</field>
      </fields>
      <libsource lib="SamacSys_Parts" part="DG300-5.0-02P-12-00A_H_" description="PCB Universal Screw Terminal Block, 2 Position"/>
      <property name="Description" value="PCB Universal Screw Terminal Block, 2 Position"/>
      <property name="Height" value="12.6"/>
      <property name="Manufacturer_Name" value="Degson"/>
      <property name="Manufacturer_Part_Number" value="DG300-5.0-02P-12-00A(H)"/>
      <property name="Mouser Part Number" value=""/>
      <property name="Mouser Price/Stock" value=""/>
      <property name="Arrow Part Number" value=""/>
      <property name="Arrow Price/Stock" value=""/>
      <property name="Mouser Testing Part Number" value=""/>
      <property name="Mouser Testing Price/Stock" value=""/>
      <property name="Sheetname" value=""/>
      <property name="Sheetfile" value="dot_mainb.kicad_sch"/>
      <property name="ki_description" value="PCB Universal Screw Terminal Block, 2 Position"/>
      <sheetpath names="/" tstamps="/"/>
      <tstamps>84972c19-26f3-43d9-a46c-f30723fd97e4</tstamps>
    </comp>
    <comp ref="J6">
      <value>LINE-12</value>
      <footprint>AVR_FOOTPRINT_Library:DEGSON 4P</footprint>
      <libsource lib="Connector" part="Conn_01x04_Female" description="Generic connector, single row, 01x04, script generated (kicad-library-utils/schlib/autogen/connector/)"/>
      <property name="Sheetname" value=""/>
      <property name="Sheetfile" value="dot_mainb.kicad_sch"/>
      <property name="ki_description" value="Generic connector, single row, 01x04, script generated (kicad-library-utils/schlib/autogen/connector/)"/>
      <property name="ki_keywords" value="connector"/>
      <sheetpath names="/" tstamps="/"/>
      <tstamps>757a45ad-9dfb-44b6-aa8c-b1c1104e34dd</tstamps>
    </comp>
    <comp ref="J7">
      <value>LINE-13</value>
      <footprint>AVR_FOOTPRINT_Library:DEGSON 4P</footprint>
      <libsource lib="Connector" part="Conn_01x04_Female" description="Generic connector, single row, 01x04, script generated (kicad-library-utils/schlib/autogen/connector/)"/>
      <property name="Sheetname" value=""/>
      <property name="Sheetfile" value="dot_mainb.kicad_sch"/>
      <property name="ki_description" value="Generic connector, single row, 01x04, script generated (kicad-library-utils/schlib/autogen/connector/)"/>
      <property name="ki_keywords" value="connector"/>
      <sheetpath names="/" tstamps="/"/>
      <tstamps>d41e3efa-6cad-46e0-be5d-6d4f164a9cc3</tstamps>
    </comp>
    <comp ref="J8">
      <value>LINE-14</value>
      <footprint>AVR_FOOTPRINT_Library:DEGSON 4P</footprint>
      <libsource lib="Connector" part="Conn_01x04_Female" description="Generic connector, single row, 01x04, script generated (kicad-library-utils/schlib/autogen/connector/)"/>
      <property name="Sheetname" value=""/>
      <property name="Sheetfile" value="dot_mainb.kicad_sch"/>
      <property name="ki_description" value="Generic connector, single row, 01x04, script generated (kicad-library-utils/schlib/autogen/connector/)"/>
      <property name="ki_keywords" value="connector"/>
      <sheetpath names="/" tstamps="/"/>
      <tstamps>f2993729-1c81-4f3c-a6d4-52cc2e7f787e</tstamps>
    </comp>
    <comp ref="J9">
      <value>LINE-15</value>
      <footprint>AVR_FOOTPRINT_Library:DEGSON 4P</footprint>
      <libsource lib="Connector" part="Conn_01x04_Female" description="Generic connector, single row, 01x04, script generated (kicad-library-utils/schlib/autogen/connector/)"/>
      <property name="Sheetname" value=""/>
      <property name="Sheetfile" value="dot_mainb.kicad_sch"/>
      <property name="ki_description" value="Generic connector, single row, 01x04, script generated (kicad-library-utils/schlib/autogen/connector/)"/>
      <property name="ki_keywords" value="connector"/>
      <sheetpath names="/" tstamps="/"/>
      <tstamps>3d66f2b8-0b35-4e27-bdfe-1fa1fac16cf7</tstamps>
    </comp>
    <comp ref="J10">
      <value>LINE-16</value>
      <footprint>AVR_FOOTPRINT_Library:DEGSON 4P</footprint>
      <libsource lib="Connector" part="Conn_01x04_Female" description="Generic connector, single row, 01x04, script generated (kicad-library-utils/schlib/autogen/connector/)"/>
      <property name="Sheetname" value=""/>
      <property name="Sheetfile" value="dot_mainb.kicad_sch"/>
      <property name="ki_description" value="Generic connector, single row, 01x04, script generated (kicad-library-utils/schlib/autogen/connector/)"/>
      <property name="ki_keywords" value="connector"/>
      <sheetpath names="/" tstamps="/"/>
      <tstamps>06c2eeb2-a590-4b1d-8226-3418046b91fe</tstamps>
    </comp>
    <comp ref="J11">
      <value>LINE-17</value>
      <footprint>AVR_FOOTPRINT_Library:DEGSON 4P</footprint>
      <libsource lib="Connector" part="Conn_01x04_Female" description="Generic connector, single row, 01x04, script generated (kicad-library-utils/schlib/autogen/connector/)"/>
      <property name="Sheetname" value=""/>
      <property name="Sheetfile" value="dot_mainb.kicad_sch"/>
      <property name="ki_description" value="Generic connector, single row, 01x04, script generated (kicad-library-utils/schlib/autogen/connector/)"/>
      <property name="ki_keywords" value="connector"/>
      <sheetpath names="/" tstamps="/"/>
      <tstamps>f2886c6d-94bb-42c6-b8ec-856496831d3d</tstamps>
    </comp>
    <comp ref="J12">
      <value>LINE-18</value>
      <footprint>AVR_FOOTPRINT_Library:DEGSON 4P</footprint>
      <libsource lib="Connector" part="Conn_01x04_Female" description="Generic connector, single row, 01x04, script generated (kicad-library-utils/schlib/autogen/connector/)"/>
      <property name="Sheetname" value=""/>
      <property name="Sheetfile" value="dot_mainb.kicad_sch"/>
      <property name="ki_description" value="Generic connector, single row, 01x04, script generated (kicad-library-utils/schlib/autogen/connector/)"/>
      <property name="ki_keywords" value="connector"/>
      <sheetpath names="/" tstamps="/"/>
      <tstamps>0675c825-a4b9-4056-8076-a5db0bafb869</tstamps>
    </comp>
    <comp ref="J13">
      <value>LINE-19</value>
      <footprint>AVR_FOOTPRINT_Library:DEGSON 4P</footprint>
      <libsource lib="Connector" part="Conn_01x04_Female" description="Generic connector, single row, 01x04, script generated (kicad-library-utils/schlib/autogen/connector/)"/>
      <property name="Sheetname" value=""/>
      <property name="Sheetfile" value="dot_mainb.kicad_sch"/>
      <property name="ki_description" value="Generic connector, single row, 01x04, script generated (kicad-library-utils/schlib/autogen/connector/)"/>
      <property name="ki_keywords" value="connector"/>
      <sheetpath names="/" tstamps="/"/>
      <tstamps>fce26159-f701-4837-97b2-845172beca98</tstamps>
    </comp>
    <comp ref="J14">
      <value>LINE-20</value>
      <footprint>AVR_FOOTPRINT_Library:DEGSON 4P</footprint>
      <libsource lib="Connector" part="Conn_01x04_Female" description="Generic connector, single row, 01x04, script generated (kicad-library-utils/schlib/autogen/connector/)"/>
      <property name="Sheetname" value=""/>
      <property name="Sheetfile" value="dot_mainb.kicad_sch"/>
      <property name="ki_description" value="Generic connector, single row, 01x04, script generated (kicad-library-utils/schlib/autogen/connector/)"/>
      <property name="ki_keywords" value="connector"/>
      <sheetpath names="/" tstamps="/"/>
      <tstamps>b552769a-cd25-4f10-a751-6379eaad7b66</tstamps>
    </comp>
    <comp ref="J15">
      <value>LINE-21</value>
      <footprint>AVR_FOOTPRINT_Library:DEGSON 4P</footprint>
      <libsource lib="Connector" part="Conn_01x04_Female" description="Generic connector, single row, 01x04, script generated (kicad-library-utils/schlib/autogen/connector/)"/>
      <property name="Sheetname" value=""/>
      <property name="Sheetfile" value="dot_mainb.kicad_sch"/>
      <property name="ki_description" value="Generic connector, single row, 01x04, script generated (kicad-library-utils/schlib/autogen/connector/)"/>
      <property name="ki_keywords" value="connector"/>
      <sheetpath names="/" tstamps="/"/>
      <tstamps>d8409510-2aea-46ed-a98d-004f988e2aca</tstamps>
    </comp>
    <comp ref="J16">
      <value>LINE-22</value>
      <footprint>AVR_FOOTPRINT_Library:DEGSON 4P</footprint>
      <libsource lib="Connector" part="Conn_01x04_Female" description="Generic connector, single row, 01x04, script generated (kicad-library-utils/schlib/autogen/connector/)"/>
      <property name="Sheetname" value=""/>
      <property name="Sheetfile" value="dot_mainb.kicad_sch"/>
      <property name="ki_description" value="Generic connector, single row, 01x04, script generated (kicad-library-utils/schlib/autogen/connector/)"/>
      <property name="ki_keywords" value="connector"/>
      <sheetpath names="/" tstamps="/"/>
      <tstamps>b18612d9-e8d3-49da-8297-f11c5d45dc60</tstamps>
    </comp>
    <comp ref="J17">
      <value>LINE-1</value>
      <footprint>AVR_FOOTPRINT_Library:DEGSON 4P</footprint>
      <libsource lib="Connector" part="Conn_01x04_Female" description="Generic connector, single row, 01x04, script generated (kicad-library-utils/schlib/autogen/connector/)"/>
      <property name="Sheetname" value=""/>
      <property name="Sheetfile" value="dot_mainb.kicad_sch"/>
      <property name="ki_description" value="Generic connector, single row, 01x04, script generated (kicad-library-utils/schlib/autogen/connector/)"/>
      <property name="ki_keywords" value="connector"/>
      <sheetpath names="/" tstamps="/"/>
      <tstamps>bf2e5f54-3f63-4d5d-ab34-2db662445a4e</tstamps>
    </comp>
    <comp ref="J18">
      <value>LINE-2</value>
      <footprint>AVR_FOOTPRINT_Library:DEGSON 4P</footprint>
      <libsource lib="Connector" part="Conn_01x04_Female" description="Generic connector, single row, 01x04, script generated (kicad-library-utils/schlib/autogen/connector/)"/>
      <property name="Sheetname" value=""/>
      <property name="Sheetfile" value="dot_mainb.kicad_sch"/>
      <property name="ki_description" value="Generic connector, single row, 01x04, script generated (kicad-library-utils/schlib/autogen/connector/)"/>
      <property name="ki_keywords" value="connector"/>
      <sheetpath names="/" tstamps="/"/>
      <tstamps>d9b62137-bd96-4984-8c87-8b31643ef49d</tstamps>
    </comp>
    <comp ref="J19">
      <value>LINE-3</value>
      <footprint>AVR_FOOTPRINT_Library:DEGSON 4P</footprint>
      <libsource lib="Connector" part="Conn_01x04_Female" description="Generic connector, single row, 01x04, script generated (kicad-library-utils/schlib/autogen/connector/)"/>
      <property name="Sheetname" value=""/>
      <property name="Sheetfile" value="dot_mainb.kicad_sch"/>
      <property name="ki_description" value="Generic connector, single row, 01x04, script generated (kicad-library-utils/schlib/autogen/connector/)"/>
      <property name="ki_keywords" value="connector"/>
      <sheetpath names="/" tstamps="/"/>
      <tstamps>40991f5e-b3d8-4b87-9352-18d3d464b9ef</tstamps>
    </comp>
    <comp ref="J20">
      <value>LINE-4</value>
      <footprint>AVR_FOOTPRINT_Library:DEGSON 4P</footprint>
      <libsource lib="Connector" part="Conn_01x04_Female" description="Generic connector, single row, 01x04, script generated (kicad-library-utils/schlib/autogen/connector/)"/>
      <property name="Sheetname" value=""/>
      <property name="Sheetfile" value="dot_mainb.kicad_sch"/>
      <property name="ki_description" value="Generic connector, single row, 01x04, script generated (kicad-library-utils/schlib/autogen/connector/)"/>
      <property name="ki_keywords" value="connector"/>
      <sheetpath names="/" tstamps="/"/>
      <tstamps>36e5180b-ebb3-4bec-a3d1-5d4c7ed5d9ce</tstamps>
    </comp>
    <comp ref="J21">
      <value>LINE-5</value>
      <footprint>AVR_FOOTPRINT_Library:DEGSON 4P</footprint>
      <libsource lib="Connector" part="Conn_01x04_Female" description="Generic connector, single row, 01x04, script generated (kicad-library-utils/schlib/autogen/connector/)"/>
      <property name="Sheetname" value=""/>
      <property name="Sheetfile" value="dot_mainb.kicad_sch"/>
      <property name="ki_description" value="Generic connector, single row, 01x04, script generated (kicad-library-utils/schlib/autogen/connector/)"/>
      <property name="ki_keywords" value="connector"/>
      <sheetpath names="/" tstamps="/"/>
      <tstamps>d201cb8c-ce89-44c1-b770-a8fb33b8ab11</tstamps>
    </comp>
    <comp ref="J22">
      <value>LINE-6</value>
      <footprint>AVR_FOOTPRINT_Library:DEGSON 4P</footprint>
      <libsource lib="Connector" part="Conn_01x04_Female" description="Generic connector, single row, 01x04, script generated (kicad-library-utils/schlib/autogen/connector/)"/>
      <property name="Sheetname" value=""/>
      <property name="Sheetfile" value="dot_mainb.kicad_sch"/>
      <property name="ki_description" value="Generic connector, single row, 01x04, script generated (kicad-library-utils/schlib/autogen/connector/)"/>
      <property name="ki_keywords" value="connector"/>
      <sheetpath names="/" tstamps="/"/>
      <tstamps>bc4a13cf-9a80-43e7-bd41-27be122c020e</tstamps>
    </comp>
    <comp ref="J23">
      <value>LINE-7</value>
      <footprint>AVR_FOOTPRINT_Library:DEGSON 4P</footprint>
      <libsource lib="Connector" part="Conn_01x04_Female" description="Generic connector, single row, 01x04, script generated (kicad-library-utils/schlib/autogen/connector/)"/>
      <property name="Sheetname" value=""/>
      <property name="Sheetfile" value="dot_mainb.kicad_sch"/>
      <property name="ki_description" value="Generic connector, single row, 01x04, script generated (kicad-library-utils/schlib/autogen/connector/)"/>
      <property name="ki_keywords" value="connector"/>
      <sheetpath names="/" tstamps="/"/>
      <tstamps>7b4ce9ac-f0f3-459e-9918-ac1fc65f4a3f</tstamps>
    </comp>
    <comp ref="J24">
      <value>LINE-8</value>
      <footprint>AVR_FOOTPRINT_Library:DEGSON 4P</footprint>
      <libsource lib="Connector" part="Conn_01x04_Female" description="Generic connector, single row, 01x04, script generated (kicad-library-utils/schlib/autogen/connector/)"/>
      <property name="Sheetname" value=""/>
      <property name="Sheetfile" value="dot_mainb.kicad_sch"/>
      <property name="ki_description" value="Generic connector, single row, 01x04, script generated (kicad-library-utils/schlib/autogen/connector/)"/>
      <property name="ki_keywords" value="connector"/>
      <sheetpath names="/" tstamps="/"/>
      <tstamps>0c7a8b42-b8a4-4ade-8380-71577351af7e</tstamps>
    </comp>
    <comp ref="J25">
      <value>LINE-9</value>
      <footprint>AVR_FOOTPRINT_Library:DEGSON 4P</footprint>
      <libsource lib="Connector" part="Conn_01x04_Female" description="Generic connector, single row, 01x04, script generated (kicad-library-utils/schlib/autogen/connector/)"/>
      <property name="Sheetname" value=""/>
      <property name="Sheetfile" value="dot_mainb.kicad_sch"/>
      <property name="ki_description" value="Generic connector, single row, 01x04, script generated (kicad-library-utils/schlib/autogen/connector/)"/>
      <property name="ki_keywords" value="connector"/>
      <sheetpath names="/" tstamps="/"/>
      <tstamps>ec4585bc-5d9c-424d-a340-6d581b6abf36</tstamps>
    </comp>
    <comp ref="J26">
      <value>LINE-10</value>
      <footprint>AVR_FOOTPRINT_Library:DEGSON 4P</footprint>
      <libsource lib="Connector" part="Conn_01x04_Female" description="Generic connector, single row, 01x04, script generated (kicad-library-utils/schlib/autogen/connector/)"/>
      <property name="Sheetname" value=""/>
      <property name="Sheetfile" value="dot_mainb.kicad_sch"/>
      <property name="ki_description" value="Generic connector, single row, 01x04, script generated (kicad-library-utils/schlib/autogen/connector/)"/>
      <property name="ki_keywords" value="connector"/>
      <sheetpath names="/" tstamps="/"/>
      <tstamps>feb4436e-c640-4996-9600-18b98cbe1fa3</tstamps>
    </comp>
    <comp ref="J27">
      <value>LINE-11</value>
      <footprint>AVR_FOOTPRINT_Library:DEGSON 4P</footprint>
      <libsource lib="Connector" part="Conn_01x04_Female" description="Generic connector, single row, 01x04, script generated (kicad-library-utils/schlib/autogen/connector/)"/>
      <property name="Sheetname" value=""/>
      <property name="Sheetfile" value="dot_mainb.kicad_sch"/>
      <property name="ki_description" value="Generic connector, single row, 01x04, script generated (kicad-library-utils/schlib/autogen/connector/)"/>
      <property name="ki_keywords" value="connector"/>
      <sheetpath names="/" tstamps="/"/>
      <tstamps>be136597-a588-4f9e-b083-75c96fd2c776</tstamps>
    </comp>
    <comp ref="R1">
      <value>220</value>
      <footprint>Resistor_SMD:R_1206_3216Metric_Pad1.30x1.75mm_HandSolder</footprint>
      <libsource lib="Device" part="R" description="Resistor"/>
      <property name="Sheetname" value=""/>
      <property name="Sheetfile" value="dot_mainb.kicad_sch"/>
      <property name="ki_description" value="Resistor"/>
      <property name="ki_keywords" value="R res resistor"/>
      <sheetpath names="/" tstamps="/"/>
      <tstamps>91a223e9-0c2c-4f2a-b462-058490b2409a</tstamps>
    </comp>
    <comp ref="R2">
      <value>3k3</value>
      <footprint>Resistor_SMD:R_1206_3216Metric_Pad1.30x1.75mm_HandSolder</footprint>
      <libsource lib="Device" part="R" description="Resistor"/>
      <property name="Sheetname" value=""/>
      <property name="Sheetfile" value="dot_mainb.kicad_sch"/>
      <property name="ki_description" value="Resistor"/>
      <property name="ki_keywords" value="R res resistor"/>
      <sheetpath names="/" tstamps="/"/>
      <tstamps>562ffb1a-4aac-439a-b011-a89acf4aae7e</tstamps>
    </comp>
    <comp ref="R3">
      <value>10k</value>
      <footprint>Resistor_SMD:R_1206_3216Metric_Pad1.30x1.75mm_HandSolder</footprint>
      <libsource lib="Device" part="R" description="Resistor"/>
      <property name="Sheetname" value=""/>
      <property name="Sheetfile" value="dot_mainb.kicad_sch"/>
      <property name="ki_description" value="Resistor"/>
      <property name="ki_keywords" value="R res resistor"/>
      <sheetpath names="/" tstamps="/"/>
      <tstamps>1b614e76-46ae-4f70-bce1-560b06722801</tstamps>
    </comp>
    <comp ref="R4">
      <value>220</value>
      <footprint>Resistor_SMD:R_1206_3216Metric_Pad1.30x1.75mm_HandSolder</footprint>
      <libsource lib="Device" part="R" description="Resistor"/>
      <property name="Sheetname" value=""/>
      <property name="Sheetfile" value="dot_mainb.kicad_sch"/>
      <property name="ki_description" value="Resistor"/>
      <property name="ki_keywords" value="R res resistor"/>
      <sheetpath names="/" tstamps="/"/>
      <tstamps>6f13f48c-1a6e-4022-9bc7-5c28c5f91da1</tstamps>
    </comp>
    <comp ref="R5">
      <value>220</value>
      <footprint>Resistor_SMD:R_1206_3216Metric_Pad1.30x1.75mm_HandSolder</footprint>
      <libsource lib="Device" part="R" description="Resistor"/>
      <property name="Sheetname" value=""/>
      <property name="Sheetfile" value="dot_mainb.kicad_sch"/>
      <property name="ki_description" value="Resistor"/>
      <property name="ki_keywords" value="R res resistor"/>
      <sheetpath names="/" tstamps="/"/>
      <tstamps>afbe8343-7b91-4278-86fa-e4d635d71797</tstamps>
    </comp>
    <comp ref="R6">
      <value>220</value>
      <footprint>Resistor_SMD:R_1206_3216Metric_Pad1.30x1.75mm_HandSolder</footprint>
      <libsource lib="Device" part="R" description="Resistor"/>
      <property name="Sheetname" value=""/>
      <property name="Sheetfile" value="dot_mainb.kicad_sch"/>
      <property name="ki_description" value="Resistor"/>
      <property name="ki_keywords" value="R res resistor"/>
      <sheetpath names="/" tstamps="/"/>
      <tstamps>2c3b4d95-178f-4d67-b806-2479998fb5c4</tstamps>
    </comp>
    <comp ref="R7">
      <value>220</value>
      <footprint>Resistor_SMD:R_1206_3216Metric_Pad1.30x1.75mm_HandSolder</footprint>
      <libsource lib="Device" part="R" description="Resistor"/>
      <property name="Sheetname" value=""/>
      <property name="Sheetfile" value="dot_mainb.kicad_sch"/>
      <property name="ki_description" value="Resistor"/>
      <property name="ki_keywords" value="R res resistor"/>
      <sheetpath names="/" tstamps="/"/>
      <tstamps>8c04aac0-a135-456f-a496-f7f983509d87</tstamps>
    </comp>
    <comp ref="R8">
      <value>220</value>
      <footprint>Resistor_SMD:R_1206_3216Metric_Pad1.30x1.75mm_HandSolder</footprint>
      <libsource lib="Device" part="R" description="Resistor"/>
      <property name="Sheetname" value=""/>
      <property name="Sheetfile" value="dot_mainb.kicad_sch"/>
      <property name="ki_description" value="Resistor"/>
      <property name="ki_keywords" value="R res resistor"/>
      <sheetpath names="/" tstamps="/"/>
      <tstamps>d684e90a-5c0b-4bfe-b73c-ef0e2f388d95</tstamps>
    </comp>
    <comp ref="R9">
      <value>220</value>
      <footprint>Resistor_SMD:R_1206_3216Metric_Pad1.30x1.75mm_HandSolder</footprint>
      <libsource lib="Device" part="R" description="Resistor"/>
      <property name="Sheetname" value=""/>
      <property name="Sheetfile" value="dot_mainb.kicad_sch"/>
      <property name="ki_description" value="Resistor"/>
      <property name="ki_keywords" value="R res resistor"/>
      <sheetpath names="/" tstamps="/"/>
      <tstamps>5ef06638-d87c-4d15-a41d-11ae3efe873a</tstamps>
    </comp>
    <comp ref="R10">
      <value>220</value>
      <footprint>Resistor_SMD:R_1206_3216Metric_Pad1.30x1.75mm_HandSolder</footprint>
      <libsource lib="Device" part="R" description="Resistor"/>
      <property name="Sheetname" value=""/>
      <property name="Sheetfile" value="dot_mainb.kicad_sch"/>
      <property name="ki_description" value="Resistor"/>
      <property name="ki_keywords" value="R res resistor"/>
      <sheetpath names="/" tstamps="/"/>
      <tstamps>069a2afe-403b-4781-8ceb-641987ddc394</tstamps>
    </comp>
    <comp ref="R11">
      <value>220</value>
      <footprint>Resistor_SMD:R_1206_3216Metric_Pad1.30x1.75mm_HandSolder</footprint>
      <libsource lib="Device" part="R" description="Resistor"/>
      <property name="Sheetname" value=""/>
      <property name="Sheetfile" value="dot_mainb.kicad_sch"/>
      <property name="ki_description" value="Resistor"/>
      <property name="ki_keywords" value="R res resistor"/>
      <sheetpath names="/" tstamps="/"/>
      <tstamps>f70c0307-4fd4-47dc-9e4d-8fcd173ef637</tstamps>
    </comp>
    <comp ref="R12">
      <value>220</value>
      <footprint>Resistor_SMD:R_1206_3216Metric_Pad1.30x1.75mm_HandSolder</footprint>
      <libsource lib="Device" part="R" description="Resistor"/>
      <property name="Sheetname" value=""/>
      <property name="Sheetfile" value="dot_mainb.kicad_sch"/>
      <property name="ki_description" value="Resistor"/>
      <property name="ki_keywords" value="R res resistor"/>
      <sheetpath names="/" tstamps="/"/>
      <tstamps>868d833a-7ba4-4df6-96d6-fc2c4f43fe24</tstamps>
    </comp>
    <comp ref="R13">
      <value>220</value>
      <footprint>Resistor_SMD:R_1206_3216Metric_Pad1.30x1.75mm_HandSolder</footprint>
      <libsource lib="Device" part="R" description="Resistor"/>
      <property name="Sheetname" value=""/>
      <property name="Sheetfile" value="dot_mainb.kicad_sch"/>
      <property name="ki_description" value="Resistor"/>
      <property name="ki_keywords" value="R res resistor"/>
      <sheetpath names="/" tstamps="/"/>
      <tstamps>4a980cc8-bbe1-4797-ad0b-a4cc0da428c5</tstamps>
    </comp>
    <comp ref="R14">
      <value>220</value>
      <footprint>Resistor_SMD:R_1206_3216Metric_Pad1.30x1.75mm_HandSolder</footprint>
      <libsource lib="Device" part="R" description="Resistor"/>
      <property name="Sheetname" value=""/>
      <property name="Sheetfile" value="dot_mainb.kicad_sch"/>
      <property name="ki_description" value="Resistor"/>
      <property name="ki_keywords" value="R res resistor"/>
      <sheetpath names="/" tstamps="/"/>
      <tstamps>d04bb976-c673-4861-a1ea-19e52939252a</tstamps>
    </comp>
    <comp ref="R15">
      <value>220</value>
      <footprint>Resistor_SMD:R_1206_3216Metric_Pad1.30x1.75mm_HandSolder</footprint>
      <libsource lib="Device" part="R" description="Resistor"/>
      <property name="Sheetname" value=""/>
      <property name="Sheetfile" value="dot_mainb.kicad_sch"/>
      <property name="ki_description" value="Resistor"/>
      <property name="ki_keywords" value="R res resistor"/>
      <sheetpath names="/" tstamps="/"/>
      <tstamps>8db072d0-74b2-4fd3-b25b-8264b88545f0</tstamps>
    </comp>
    <comp ref="R16">
      <value>220</value>
      <footprint>Resistor_SMD:R_1206_3216Metric_Pad1.30x1.75mm_HandSolder</footprint>
      <libsource lib="Device" part="R" description="Resistor"/>
      <property name="Sheetname" value=""/>
      <property name="Sheetfile" value="dot_mainb.kicad_sch"/>
      <property name="ki_description" value="Resistor"/>
      <property name="ki_keywords" value="R res resistor"/>
      <sheetpath names="/" tstamps="/"/>
      <tstamps>d1804fae-06f1-4ae8-ae20-d0ed3d92b0be</tstamps>
    </comp>
    <comp ref="R17">
      <value>220</value>
      <footprint>Resistor_SMD:R_1206_3216Metric_Pad1.30x1.75mm_HandSolder</footprint>
      <libsource lib="Device" part="R" description="Resistor"/>
      <property name="Sheetname" value=""/>
      <property name="Sheetfile" value="dot_mainb.kicad_sch"/>
      <property name="ki_description" value="Resistor"/>
      <property name="ki_keywords" value="R res resistor"/>
      <sheetpath names="/" tstamps="/"/>
      <tstamps>b9b13065-4871-47cd-8b24-ab07aaf1e59b</tstamps>
    </comp>
    <comp ref="R18">
      <value>220</value>
      <footprint>Resistor_SMD:R_1206_3216Metric_Pad1.30x1.75mm_HandSolder</footprint>
      <libsource lib="Device" part="R" description="Resistor"/>
      <property name="Sheetname" value=""/>
      <property name="Sheetfile" value="dot_mainb.kicad_sch"/>
      <property name="ki_description" value="Resistor"/>
      <property name="ki_keywords" value="R res resistor"/>
      <sheetpath names="/" tstamps="/"/>
      <tstamps>a31a46f1-5504-4579-8738-fad45934e5ac</tstamps>
    </comp>
    <comp ref="R19">
      <value>220</value>
      <footprint>Resistor_SMD:R_1206_3216Metric_Pad1.30x1.75mm_HandSolder</footprint>
      <libsource lib="Device" part="R" description="Resistor"/>
      <property name="Sheetname" value=""/>
      <property name="Sheetfile" value="dot_mainb.kicad_sch"/>
      <property name="ki_description" value="Resistor"/>
      <property name="ki_keywords" value="R res resistor"/>
      <sheetpath names="/" tstamps="/"/>
      <tstamps>7ac91391-992a-4d50-91b1-7088e57707bd</tstamps>
    </comp>
    <comp ref="R20">
      <value>220</value>
      <footprint>Resistor_SMD:R_1206_3216Metric_Pad1.30x1.75mm_HandSolder</footprint>
      <libsource lib="Device" part="R" description="Resistor"/>
      <property name="Sheetname" value=""/>
      <property name="Sheetfile" value="dot_mainb.kicad_sch"/>
      <property name="ki_description" value="Resistor"/>
      <property name="ki_keywords" value="R res resistor"/>
      <sheetpath names="/" tstamps="/"/>
      <tstamps>818e5fa0-f27a-4372-95c8-1386172e8bc4</tstamps>
    </comp>
    <comp ref="R21">
      <value>220</value>
      <footprint>Resistor_SMD:R_1206_3216Metric_Pad1.30x1.75mm_HandSolder</footprint>
      <libsource lib="Device" part="R" description="Resistor"/>
      <property name="Sheetname" value=""/>
      <property name="Sheetfile" value="dot_mainb.kicad_sch"/>
      <property name="ki_description" value="Resistor"/>
      <property name="ki_keywords" value="R res resistor"/>
      <sheetpath names="/" tstamps="/"/>
      <tstamps>7c9e97d4-e2d1-4787-b798-bb4b7c04f31f</tstamps>
    </comp>
    <comp ref="R22">
      <value>220</value>
      <footprint>Resistor_SMD:R_1206_3216Metric_Pad1.30x1.75mm_HandSolder</footprint>
      <libsource lib="Device" part="R" description="Resistor"/>
      <property name="Sheetname" value=""/>
      <property name="Sheetfile" value="dot_mainb.kicad_sch"/>
      <property name="ki_description" value="Resistor"/>
      <property name="ki_keywords" value="R res resistor"/>
      <sheetpath names="/" tstamps="/"/>
      <tstamps>56772817-93f1-4921-b59f-dc1b15600feb</tstamps>
    </comp>
    <comp ref="R23">
      <value>220</value>
      <footprint>Resistor_SMD:R_1206_3216Metric_Pad1.30x1.75mm_HandSolder</footprint>
      <libsource lib="Device" part="R" description="Resistor"/>
      <property name="Sheetname" value=""/>
      <property name="Sheetfile" value="dot_mainb.kicad_sch"/>
      <property name="ki_description" value="Resistor"/>
      <property name="ki_keywords" value="R res resistor"/>
      <sheetpath names="/" tstamps="/"/>
      <tstamps>b56761e5-ce55-4ca3-bfc7-7278784d98b7</tstamps>
    </comp>
    <comp ref="R24">
      <value>220</value>
      <footprint>Resistor_SMD:R_1206_3216Metric_Pad1.30x1.75mm_HandSolder</footprint>
      <libsource lib="Device" part="R" description="Resistor"/>
      <property name="Sheetname" value=""/>
      <property name="Sheetfile" value="dot_mainb.kicad_sch"/>
      <property name="ki_description" value="Resistor"/>
      <property name="ki_keywords" value="R res resistor"/>
      <sheetpath names="/" tstamps="/"/>
      <tstamps>72e9b2e2-5003-4694-8b5d-cb001c06b26d</tstamps>
    </comp>
    <comp ref="R25">
      <value>220</value>
      <footprint>Resistor_SMD:R_1206_3216Metric_Pad1.30x1.75mm_HandSolder</footprint>
      <libsource lib="Device" part="R" description="Resistor"/>
      <property name="Sheetname" value=""/>
      <property name="Sheetfile" value="dot_mainb.kicad_sch"/>
      <property name="ki_description" value="Resistor"/>
      <property name="ki_keywords" value="R res resistor"/>
      <sheetpath names="/" tstamps="/"/>
      <tstamps>9280a18e-8b18-4e20-92a3-612a87d8c1f4</tstamps>
    </comp>
    <comp ref="R26">
      <value>220</value>
      <footprint>Resistor_SMD:R_1206_3216Metric_Pad1.30x1.75mm_HandSolder</footprint>
      <libsource lib="Device" part="R" description="Resistor"/>
      <property name="Sheetname" value=""/>
      <property name="Sheetfile" value="dot_mainb.kicad_sch"/>
      <property name="ki_description" value="Resistor"/>
      <property name="ki_keywords" value="R res resistor"/>
      <sheetpath names="/" tstamps="/"/>
      <tstamps>c277664b-c79b-457c-a3ad-82166f3a38e0</tstamps>
    </comp>
    <comp ref="R27">
      <value>220</value>
      <footprint>Resistor_SMD:R_1206_3216Metric_Pad1.30x1.75mm_HandSolder</footprint>
      <libsource lib="Device" part="R" description="Resistor"/>
      <property name="Sheetname" value=""/>
      <property name="Sheetfile" value="dot_mainb.kicad_sch"/>
      <property name="ki_description" value="Resistor"/>
      <property name="ki_keywords" value="R res resistor"/>
      <sheetpath names="/" tstamps="/"/>
      <tstamps>a4251880-c192-422c-90fc-276df8eb059d</tstamps>
    </comp>
    <comp ref="R28">
      <value>220</value>
      <footprint>Resistor_SMD:R_1206_3216Metric_Pad1.30x1.75mm_HandSolder</footprint>
      <libsource lib="Device" part="R" description="Resistor"/>
      <property name="Sheetname" value=""/>
      <property name="Sheetfile" value="dot_mainb.kicad_sch"/>
      <property name="ki_description" value="Resistor"/>
      <property name="ki_keywords" value="R res resistor"/>
      <sheetpath names="/" tstamps="/"/>
      <tstamps>3c739cd7-9226-4e27-8ced-8df8a483dc76</tstamps>
    </comp>
    <comp ref="R29">
      <value>220</value>
      <footprint>Resistor_SMD:R_1206_3216Metric_Pad1.30x1.75mm_HandSolder</footprint>
      <libsource lib="Device" part="R" description="Resistor"/>
      <property name="Sheetname" value=""/>
      <property name="Sheetfile" value="dot_mainb.kicad_sch"/>
      <property name="ki_description" value="Resistor"/>
      <property name="ki_keywords" value="R res resistor"/>
      <sheetpath names="/" tstamps="/"/>
      <tstamps>69db9561-f23e-4713-bd5a-47aa760add45</tstamps>
    </comp>
    <comp ref="R30">
      <value>220</value>
      <footprint>Resistor_SMD:R_1206_3216Metric_Pad1.30x1.75mm_HandSolder</footprint>
      <libsource lib="Device" part="R" description="Resistor"/>
      <property name="Sheetname" value=""/>
      <property name="Sheetfile" value="dot_mainb.kicad_sch"/>
      <property name="ki_description" value="Resistor"/>
      <property name="ki_keywords" value="R res resistor"/>
      <sheetpath names="/" tstamps="/"/>
      <tstamps>474c59fc-69fa-4a4b-b5be-87ce439fda02</tstamps>
    </comp>
    <comp ref="R31">
      <value>220</value>
      <footprint>Resistor_SMD:R_1206_3216Metric_Pad1.30x1.75mm_HandSolder</footprint>
      <libsource lib="Device" part="R" description="Resistor"/>
      <property name="Sheetname" value=""/>
      <property name="Sheetfile" value="dot_mainb.kicad_sch"/>
      <property name="ki_description" value="Resistor"/>
      <property name="ki_keywords" value="R res resistor"/>
      <sheetpath names="/" tstamps="/"/>
      <tstamps>3c37347d-3ade-4ab2-ab63-f4621e20c583</tstamps>
    </comp>
    <comp ref="U1">
      <value>12V/1A_PSU</value>
      <footprint>AVR_FOOTPRINT_Library:12V-1A PSU</footprint>
      <libsource lib="New_AVR_Library" part="12V/1A_PSU" description=""/>
      <property name="Sheetname" value=""/>
      <property name="Sheetfile" value="dot_mainb.kicad_sch"/>
      <sheetpath names="/" tstamps="/"/>
      <tstamps>f09d2757-6aee-4183-8288-f20d5ba5edee</tstamps>
    </comp>
    <comp ref="U2">
      <value>ATmega1284P-A</value>
      <footprint>Package_QFP:TQFP-44_10x10mm_P0.8mm</footprint>
      <datasheet>http://ww1.microchip.com/downloads/en/DeviceDoc/Atmel-8272-8-bit-AVR-microcontroller-ATmega164A_PA-324A_PA-644A_PA-1284_P_datasheet.pdf</datasheet>
      <libsource lib="MCU_Microchip_ATmega" part="ATmega1284P-A" description="20MHz, 128kB Flash, 16kB SRAM, 4kB EEPROM, JTAG, TQFP-44"/>
      <property name="Sheetname" value=""/>
      <property name="Sheetfile" value="dot_mainb.kicad_sch"/>
      <property name="ki_description" value="20MHz, 128kB Flash, 16kB SRAM, 4kB EEPROM, JTAG, TQFP-44"/>
      <property name="ki_keywords" value="AVR 8bit Microcontroller MegaAVR PicoPower"/>
      <sheetpath names="/" tstamps="/"/>
      <tstamps>5ff69b73-7d96-4168-9a3a-85b8d6eff5e0</tstamps>
    </comp>
    <comp ref="U3">
      <value>L7805</value>
      <footprint>AVR_FOOTPRINT_Library:D2PAK-STB35NF10T4</footprint>
      <datasheet>http://www.st.com/content/ccc/resource/technical/document/datasheet/41/4f/b3/b0/12/d4/47/88/CD00000444.pdf/files/CD00000444.pdf/jcr:content/translations/en.CD00000444.pdf</datasheet>
      <libsource lib="Regulator_Linear" part="L7805" description="Positive 1.5A 35V Linear Regulator, Fixed Output 5V, TO-220/TO-263/TO-252"/>
      <property name="Sheetname" value=""/>
      <property name="Sheetfile" value="dot_mainb.kicad_sch"/>
      <property name="ki_description" value="Positive 1.5A 35V Linear Regulator, Fixed Output 5V, TO-220/TO-263/TO-252"/>
      <property name="ki_keywords" value="Voltage Regulator 1.5A Positive"/>
      <sheetpath names="/" tstamps="/"/>
      <tstamps>accce84f-d091-4e80-b460-5054669a56fd</tstamps>
    </comp>
    <comp ref="U4">
      <value>ULN2803A</value>
      <footprint>Package_DIP:DIP-18_W7.62mm_Socket</footprint>
      <datasheet>http://www.ti.com/lit/ds/symlink/uln2803a.pdf</datasheet>
      <libsource lib="Transistor_Array" part="ULN2803A" description="Darlington Transistor Arrays, SOIC18/DIP18"/>
      <property name="Sheetname" value=""/>
      <property name="Sheetfile" value="dot_mainb.kicad_sch"/>
      <property name="ki_description" value="Darlington Transistor Arrays, SOIC18/DIP18"/>
      <property name="ki_keywords" value="Darlington transistor array"/>
      <sheetpath names="/" tstamps="/"/>
      <tstamps>cc3e93c0-3e3d-43fe-89b2-d6660367a37d</tstamps>
    </comp>
    <comp ref="U5">
      <value>ULN2803A</value>
      <footprint>Package_DIP:DIP-18_W7.62mm_Socket</footprint>
      <datasheet>http://www.ti.com/lit/ds/symlink/uln2803a.pdf</datasheet>
      <libsource lib="Transistor_Array" part="ULN2803A" description="Darlington Transistor Arrays, SOIC18/DIP18"/>
      <property name="Sheetname" value=""/>
      <property name="Sheetfile" value="dot_mainb.kicad_sch"/>
      <property name="ki_description" value="Darlington Transistor Arrays, SOIC18/DIP18"/>
      <property name="ki_keywords" value="Darlington transistor array"/>
      <sheetpath names="/" tstamps="/"/>
      <tstamps>2667d87a-1fe0-4ee8-a592-c6252f087617</tstamps>
    </comp>
    <comp ref="U6">
      <value>ULN2803A</value>
      <footprint>Package_DIP:DIP-18_W7.62mm_Socket</footprint>
      <datasheet>http://www.ti.com/lit/ds/symlink/uln2803a.pdf</datasheet>
      <libsource lib="Transistor_Array" part="ULN2803A" description="Darlington Transistor Arrays, SOIC18/DIP18"/>
      <property name="Sheetname" value=""/>
      <property name="Sheetfile" value="dot_mainb.kicad_sch"/>
      <property name="ki_description" value="Darlington Transistor Arrays, SOIC18/DIP18"/>
      <property name="ki_keywords" value="Darlington transistor array"/>
      <sheetpath names="/" tstamps="/"/>
      <tstamps>12d4272c-80e0-4e26-8547-f3f8a002b977</tstamps>
    </comp>
    <comp ref="Y1">
      <value>XTAL20Mhz</value>
      <footprint>AVR_FOOTPRINT_Library:XTALSMD</footprint>
      <datasheet>https://www.mouser.com/datasheet/2/741/LFXTAL003237Reel-940153.pdf</datasheet>
      <fields>
        <field name="Arrow Part Number">LFXTAL003237REEL</field>
        <field name="Arrow Price/Stock">https://www.arrow.com/en/products/lfxtal003237reel/iqd-frequency-products</field>
        <field name="Description">IQD FREQUENCY PRODUCTS - LFXTAL003237REEL - CRYSTAL, SMD, 16MHZ</field>
        <field name="Height">4.3</field>
        <field name="Manufacturer_Name">IQD</field>
        <field name="Manufacturer_Part_Number">LFXTAL003237REEL</field>
        <field name="Mouser Part Number">449-LFXTAL003237REEL</field>
        <field name="Mouser Price/Stock">https://www.mouser.co.uk/ProductDetail/IQD/LFXTAL003237Reel?qs=e4%2FAndAAwgJlj%2FXdUQKNpg%3D%3D</field>
      </fields>
      <libsource lib="SamacSys_Parts" part="LFXTAL003237REEL" description="IQD FREQUENCY PRODUCTS - LFXTAL003237REEL - CRYSTAL, SMD, 16MHZ"/>
      <property name="Description" value="IQD FREQUENCY PRODUCTS - LFXTAL003237REEL - CRYSTAL, SMD, 16MHZ"/>
      <property name="Height" value="4.3"/>
      <property name="Manufacturer_Name" value="IQD"/>
      <property name="Manufacturer_Part_Number" value="LFXTAL003237REEL"/>
      <property name="Mouser Part Number" value="449-LFXTAL003237REEL"/>
      <property name="Mouser Price/Stock" value="https://www.mouser.co.uk/ProductDetail/IQD/LFXTAL003237Reel?qs=e4%2FAndAAwgJlj%2FXdUQKNpg%3D%3D"/>
      <property name="Arrow Part Number" value="LFXTAL003237REEL"/>
      <property name="Arrow Price/Stock" value="https://www.arrow.com/en/products/lfxtal003237reel/iqd-frequency-products"/>
      <property name="Mouser Testing Part Number" value=""/>
      <property name="Mouser Testing Price/Stock" value=""/>
      <property name="Sheetname" value=""/>
      <property name="Sheetfile" value="dot_mainb.kicad_sch"/>
      <property name="ki_description" value="IQD FREQUENCY PRODUCTS - LFXTAL003237REEL - CRYSTAL, SMD, 16MHZ"/>
      <sheetpath names="/" tstamps="/"/>
      <tstamps>b9da3ee8-f1a4-4bf6-970b-0403eb4f7314</tstamps>
    </comp>
  </components>
  <libparts>
    <libpart lib="Connector" part="Conn_01x03_Female">
      <description>Generic connector, single row, 01x03, script generated (kicad-library-utils/schlib/autogen/connector/)</description>
      <docs>~</docs>
      <footprints>
        <fp>Connector*:*_1x??_*</fp>
      </footprints>
      <fields>
        <field name="Reference">J</field>
        <field name="Value">Conn_01x03_Female</field>
        <field name="Datasheet">~</field>
      </fields>
      <pins>
        <pin num="1" name="Pin_1" type="passive"/>
        <pin num="2" name="Pin_2" type="passive"/>
        <pin num="3" name="Pin_3" type="passive"/>
      </pins>
    </libpart>
    <libpart lib="Connector" part="Conn_01x03_Male">
      <description>Generic connector, single row, 01x03, script generated (kicad-library-utils/schlib/autogen/connector/)</description>
      <docs>~</docs>
      <footprints>
        <fp>Connector*:*_1x??_*</fp>
      </footprints>
      <fields>
        <field name="Reference">J</field>
        <field name="Value">Conn_01x03_Male</field>
        <field name="Datasheet">~</field>
      </fields>
      <pins>
        <pin num="1" name="Pin_1" type="passive"/>
        <pin num="2" name="Pin_2" type="passive"/>
        <pin num="3" name="Pin_3" type="passive"/>
      </pins>
    </libpart>
    <libpart lib="Connector" part="Conn_01x04_Female">
      <description>Generic connector, single row, 01x04, script generated (kicad-library-utils/schlib/autogen/connector/)</description>
      <docs>~</docs>
      <footprints>
        <fp>Connector*:*_1x??_*</fp>
      </footprints>
      <fields>
        <field name="Reference">J</field>
        <field name="Value">Conn_01x04_Female</field>
        <field name="Datasheet">~</field>
      </fields>
      <pins>
        <pin num="1" name="Pin_1" type="passive"/>
        <pin num="2" name="Pin_2" type="passive"/>
        <pin num="3" name="Pin_3" type="passive"/>
        <pin num="4" name="Pin_4" type="passive"/>
      </pins>
    </libpart>
    <libpart lib="Connector" part="Conn_01x05_Male">
      <description>Generic connector, single row, 01x05, script generated (kicad-library-utils/schlib/autogen/connector/)</description>
      <docs>~</docs>
      <footprints>
        <fp>Connector*:*_1x??_*</fp>
      </footprints>
      <fields>
        <field name="Reference">J</field>
        <field name="Value">Conn_01x05_Male</field>
        <field name="Datasheet">~</field>
      </fields>
      <pins>
        <pin num="1" name="Pin_1" type="passive"/>
        <pin num="2" name="Pin_2" type="passive"/>
        <pin num="3" name="Pin_3" type="passive"/>
        <pin num="4" name="Pin_4" type="passive"/>
        <pin num="5" name="Pin_5" type="passive"/>
      </pins>
    </libpart>
    <libpart lib="Connector" part="Conn_01x06_Female">
      <description>Generic connector, single row, 01x06, script generated (kicad-library-utils/schlib/autogen/connector/)</description>
      <docs>~</docs>
      <footprints>
        <fp>Connector*:*_1x??_*</fp>
      </footprints>
      <fields>
        <field name="Reference">J</field>
        <field name="Value">Conn_01x06_Female</field>
        <field name="Datasheet">~</field>
      </fields>
      <pins>
        <pin num="1" name="Pin_1" type="passive"/>
        <pin num="2" name="Pin_2" type="passive"/>
        <pin num="3" name="Pin_3" type="passive"/>
        <pin num="4" name="Pin_4" type="passive"/>
        <pin num="5" name="Pin_5" type="passive"/>
        <pin num="6" name="Pin_6" type="passive"/>
      </pins>
    </libpart>
    <libpart lib="Device" part="C">
      <description>Unpolarized capacitor</description>
      <docs>~</docs>
      <footprints>
        <fp>C_*</fp>
      </footprints>
      <fields>
        <field name="Reference">C</field>
        <field name="Value">C</field>
        <field name="Datasheet">~</field>
      </fields>
      <pins>
        <pin num="1" name="" type="passive"/>
        <pin num="2" name="" type="passive"/>
      </pins>
    </libpart>
    <libpart lib="Device" part="C_Polarized">
      <description>Polarized capacitor</description>
      <docs>~</docs>
      <footprints>
        <fp>CP_*</fp>
      </footprints>
      <fields>
        <field name="Reference">C</field>
        <field name="Value">C_Polarized</field>
        <field name="Datasheet">~</field>
      </fields>
      <pins>
        <pin num="1" name="" type="passive"/>
        <pin num="2" name="" type="passive"/>
      </pins>
    </libpart>
    <libpart lib="Device" part="LED">
      <description>Light emitting diode</description>
      <docs>~</docs>
      <footprints>
        <fp>LED*</fp>
        <fp>LED_SMD:*</fp>
        <fp>LED_THT:*</fp>
      </footprints>
      <fields>
        <field name="Reference">D</field>
        <field name="Value">LED</field>
        <field name="Datasheet">~</field>
      </fields>
      <pins>
        <pin num="1" name="K" type="passive"/>
        <pin num="2" name="A" type="passive"/>
      </pins>
    </libpart>
    <libpart lib="Device" part="R">
      <description>Resistor</description>
      <docs>~</docs>
      <footprints>
        <fp>R_*</fp>
      </footprints>
      <fields>
        <field name="Reference">R</field>
        <field name="Value">R</field>
        <field name="Datasheet">~</field>
      </fields>
      <pins>
        <pin num="1" name="" type="passive"/>
        <pin num="2" name="" type="passive"/>
      </pins>
    </libpart>
    <libpart lib="MCU_Microchip_ATmega" part="ATmega1284P-A">
      <description>20MHz, 128kB Flash, 16kB SRAM, 4kB EEPROM, JTAG, TQFP-44</description>
      <docs>http://ww1.microchip.com/downloads/en/DeviceDoc/Atmel-8272-8-bit-AVR-microcontroller-ATmega164A_PA-324A_PA-644A_PA-1284_P_datasheet.pdf</docs>
      <footprints>
        <fp>TQFP*10x10mm*P0.8mm*</fp>
      </footprints>
      <fields>
        <field name="Reference">U</field>
        <field name="Value">ATmega1284P-A</field>
        <field name="Footprint">Package_QFP:TQFP-44_10x10mm_P0.8mm</field>
        <field name="Datasheet">http://ww1.microchip.com/downloads/en/DeviceDoc/Atmel-8272-8-bit-AVR-microcontroller-ATmega164A_PA-324A_PA-644A_PA-1284_P_datasheet.pdf</field>
      </fields>
      <pins>
        <pin num="1" name="PB5" type="bidirectional"/>
        <pin num="2" name="PB6" type="bidirectional"/>
        <pin num="3" name="PB7" type="bidirectional"/>
        <pin num="4" name="~{RESET}" type="input"/>
        <pin num="5" name="VCC" type="power_in"/>
        <pin num="6" name="GND" type="power_in"/>
        <pin num="7" name="XTAL2" type="output"/>
        <pin num="8" name="XTAL1" type="input"/>
        <pin num="9" name="PD0" type="bidirectional"/>
        <pin num="10" name="PD1" type="bidirectional"/>
        <pin num="11" name="PD2" type="bidirectional"/>
        <pin num="12" name="PD3" type="bidirectional"/>
        <pin num="13" name="PD4" type="bidirectional"/>
        <pin num="14" name="PD5" type="bidirectional"/>
        <pin num="15" name="PD6" type="bidirectional"/>
        <pin num="16" name="PD7" type="bidirectional"/>
        <pin num="17" name="VCC" type="passive"/>
        <pin num="18" name="GND" type="passive"/>
        <pin num="19" name="PC0" type="bidirectional"/>
        <pin num="20" name="PC1" type="bidirectional"/>
        <pin num="21" name="PC2" type="bidirectional"/>
        <pin num="22" name="PC3" type="bidirectional"/>
        <pin num="23" name="PC4" type="bidirectional"/>
        <pin num="24" name="PC5" type="bidirectional"/>
        <pin num="25" name="PC6" type="bidirectional"/>
        <pin num="26" name="PC7" type="bidirectional"/>
        <pin num="27" name="AVCC" type="power_in"/>
        <pin num="28" name="GND" type="passive"/>
        <pin num="29" name="AREF" type="passive"/>
        <pin num="30" name="PA7" type="bidirectional"/>
        <pin num="31" name="PA6" type="bidirectional"/>
        <pin num="32" name="PA5" type="bidirectional"/>
        <pin num="33" name="PA4" type="bidirectional"/>
        <pin num="34" name="PA3" type="bidirectional"/>
        <pin num="35" name="PA2" type="bidirectional"/>
        <pin num="36" name="PA1" type="bidirectional"/>
        <pin num="37" name="PA0" type="bidirectional"/>
        <pin num="38" name="VCC" type="passive"/>
        <pin num="39" name="GND" type="passive"/>
        <pin num="40" name="PB0" type="bidirectional"/>
        <pin num="41" name="PB1" type="bidirectional"/>
        <pin num="42" name="PB2" type="bidirectional"/>
        <pin num="43" name="PB3" type="bidirectional"/>
        <pin num="44" name="PB4" type="bidirectional"/>
      </pins>
    </libpart>
    <libpart lib="New_AVR_Library" part="12V/1A_PSU">
      <fields>
        <field name="Reference">U</field>
        <field name="Value">12V{slash}1A_PSU</field>
      </fields>
      <pins>
        <pin num="1" name="AC/L" type="power_in"/>
        <pin num="2" name="AC/N" type="power_in"/>
        <pin num="3" name="V+" type="power_in"/>
        <pin num="4" name="V-" type="power_in"/>
      </pins>
    </libpart>
    <libpart lib="Regulator_Linear" part="L7805">
      <description>Positive 1.5A 35V Linear Regulator, Fixed Output 5V, TO-220/TO-263/TO-252</description>
      <docs>http://www.st.com/content/ccc/resource/technical/document/datasheet/41/4f/b3/b0/12/d4/47/88/CD00000444.pdf/files/CD00000444.pdf/jcr:content/translations/en.CD00000444.pdf</docs>
      <footprints>
        <fp>TO?252*</fp>
        <fp>TO?263*</fp>
        <fp>TO?220*</fp>
      </footprints>
      <fields>
        <field name="Reference">U</field>
        <field name="Value">L7805</field>
        <field name="Datasheet">http://www.st.com/content/ccc/resource/technical/document/datasheet/41/4f/b3/b0/12/d4/47/88/CD00000444.pdf/files/CD00000444.pdf/jcr:content/translations/en.CD00000444.pdf</field>
      </fields>
      <pins>
        <pin num="1" name="IN" type="power_in"/>
        <pin num="2" name="GND" type="power_in"/>
        <pin num="3" name="OUT" type="power_out"/>
      </pins>
    </libpart>
    <libpart lib="SamacSys_Parts" part="DG300-5.0-02P-12-00A_H_">
      <description>PCB Universal Screw Terminal Block, 2 Position</description>
      <fields>
        <field name="Reference">J</field>
        <field name="Value">DG300-5.0-02P-12-00A_H_</field>
        <field name="Footprint">DG3005002P1200AH</field>
        <field name="Description">PCB Universal Screw Terminal Block, 2 Position</field>
        <field name="Height">12.6</field>
        <field name="Manufacturer_Name">Degson</field>
        <field name="Manufacturer_Part_Number">DG300-5.0-02P-12-00A(H)</field>
      </fields>
      <pins>
        <pin num="1" name="1" type="passive"/>
        <pin num="2" name="2" type="passive"/>
      </pins>
    </libpart>
    <libpart lib="SamacSys_Parts" part="LFXTAL003237REEL">
      <description>IQD FREQUENCY PRODUCTS - LFXTAL003237REEL - CRYSTAL, SMD, 16MHZ</description>
      <docs>https://www.mouser.com/datasheet/2/741/LFXTAL003237Reel-940153.pdf</docs>
      <fields>
        <field name="Reference">Y</field>
        <field name="Value">LFXTAL003237REEL</field>
        <field name="Footprint">LFXTAL020423CUTT</field>
        <field name="Datasheet">https://www.mouser.com/datasheet/2/741/LFXTAL003237Reel-940153.pdf</field>
        <field name="Description">IQD FREQUENCY PRODUCTS - LFXTAL003237REEL - CRYSTAL, SMD, 16MHZ</field>
        <field name="Height">4.3</field>
        <field name="Manufacturer_Name">IQD</field>
        <field name="Manufacturer_Part_Number">LFXTAL003237REEL</field>
        <field name="Mouser Part Number">449-LFXTAL003237REEL</field>
        <field name="Mouser Price/Stock">https://www.mouser.co.uk/ProductDetail/IQD/LFXTAL003237Reel?qs=e4%2FAndAAwgJlj%2FXdUQKNpg%3D%3D</field>
        <field name="Arrow Part Number">LFXTAL003237REEL</field>
        <field name="Arrow Price/Stock">https://www.arrow.com/en/products/lfxtal003237reel/iqd-frequency-products</field>
      </fields>
      <pins>
        <pin num="1" name="" type="passive"/>
        <pin num="2" name="" type="passive"/>
      </pins>
    </libpart>
    <libpart lib="Transistor_Array" part="ULN2803A">
      <description>Darlington Transistor Arrays, SOIC18/DIP18</description>
      <docs>http://www.ti.com/lit/ds/symlink/uln2803a.pdf</docs>
      <footprints>
        <fp>DIP*W7.62mm*</fp>
        <fp>SOIC*7.5x11.6mm*P1.27mm*</fp>
      </footprints>
      <fields>
        <field name="Reference">U</field>
        <field name="Value">ULN2803A</field>
        <field name="Datasheet">http://www.ti.com/lit/ds/symlink/uln2803a.pdf</field>
      </fields>
      <pins>
        <pin num="1" name="I1" type="input"/>
        <pin num="2" name="I2" type="input"/>
        <pin num="3" name="I3" type="input"/>
        <pin num="4" name="I4" type="input"/>
        <pin num="5" name="I5" type="input"/>
        <pin num="6" name="I6" type="input"/>
        <pin num="7" name="I7" type="input"/>
        <pin num="8" name="I8" type="input"/>
        <pin num="9" name="GND" type="power_in"/>
        <pin num="10" name="COM" type="passive"/>
        <pin num="11" name="O8" type="open_collector"/>
        <pin num="12" name="O7" type="open_collector"/>
        <pin num="13" name="O6" type="open_collector"/>
        <pin num="14" name="O5" type="open_collector"/>
        <pin num="15" name="O4" type="open_collector"/>
        <pin num="16" name="O3" type="open_collector"/>
        <pin num="17" name="O2" type="open_collector"/>
        <pin num="18" name="O1" type="open_collector"/>
      </pins>
    </libpart>
  </libparts>
  <libraries>
    <library logical="Connector">
      <uri>C:\Program Files\KiCad\7.0\share\kicad\symbols\/Connector.kicad_sym</uri>
    </library>
    <library logical="Device">
      <uri>C:\Program Files\KiCad\7.0\share\kicad\symbols\/Device.kicad_sym</uri>
    </library>
    <library logical="MCU_Microchip_ATmega">
      <uri>C:\Program Files\KiCad\7.0\share\kicad\symbols\/MCU_Microchip_ATmega.kicad_sym</uri>
    </library>
    <library logical="Regulator_Linear">
      <uri>C:\Program Files\KiCad\7.0\share\kicad\symbols\/Regulator_Linear.kicad_sym</uri>
    </library>
    <library logical="Transistor_Array">
      <uri>C:\Program Files\KiCad\7.0\share\kicad\symbols\/Transistor_Array.kicad_sym</uri>
    </library>
  </libraries>
  <nets>
    <net code="1" name="/CLK">
      <node ref="U2" pin="36" pinfunction="PA1" pintype="bidirectional"/>
      <node ref="U4" pin="2" pinfunction="I2" pintype="input"/>
    </net>
    <net code="2" name="/CLKO">
      <node ref="J10" pin="3" pinfunction="Pin_3" pintype="passive"/>
      <node ref="J11" pin="3" pinfunction="Pin_3" pintype="passive"/>
      <node ref="J12" pin="3" pinfunction="Pin_3" pintype="passive"/>
      <node ref="J13" pin="3" pinfunction="Pin_3" pintype="passive"/>
      <node ref="J14" pin="3" pinfunction="Pin_3" pintype="passive"/>
      <node ref="J15" pin="3" pinfunction="Pin_3" pintype="passive"/>
      <node ref="J16" pin="3" pinfunction="Pin_3" pintype="passive"/>
      <node ref="J17" pin="3" pinfunction="Pin_3" pintype="passive"/>
      <node ref="J18" pin="3" pinfunction="Pin_3" pintype="passive"/>
      <node ref="J19" pin="3" pinfunction="Pin_3" pintype="passive"/>
      <node ref="J20" pin="3" pinfunction="Pin_3" pintype="passive"/>
      <node ref="J21" pin="3" pinfunction="Pin_3" pintype="passive"/>
      <node ref="J22" pin="3" pinfunction="Pin_3" pintype="passive"/>
      <node ref="J23" pin="3" pinfunction="Pin_3" pintype="passive"/>
      <node ref="J24" pin="3" pinfunction="Pin_3" pintype="passive"/>
      <node ref="J25" pin="3" pinfunction="Pin_3" pintype="passive"/>
      <node ref="J26" pin="3" pinfunction="Pin_3" pintype="passive"/>
      <node ref="J27" pin="3" pinfunction="Pin_3" pintype="passive"/>
      <node ref="J6" pin="3" pinfunction="Pin_3" pintype="passive"/>
      <node ref="J7" pin="3" pinfunction="Pin_3" pintype="passive"/>
      <node ref="J8" pin="3" pinfunction="Pin_3" pintype="passive"/>
      <node ref="J9" pin="3" pinfunction="Pin_3" pintype="passive"/>
      <node ref="R9" pin="2" pintype="passive"/>
      <node ref="U4" pin="17" pinfunction="O2" pintype="open_collector"/>
    </net>
    <net code="3" name="/DO">
      <node ref="U2" pin="37" pinfunction="PA0" pintype="bidirectional"/>
      <node ref="U4" pin="1" pinfunction="I1" pintype="input"/>
    </net>
    <net code="4" name="/DOO">
      <node ref="J10" pin="4" pinfunction="Pin_4" pintype="passive"/>
      <node ref="J11" pin="4" pinfunction="Pin_4" pintype="passive"/>
      <node ref="J12" pin="4" pinfunction="Pin_4" pintype="passive"/>
      <node ref="J13" pin="4" pinfunction="Pin_4" pintype="passive"/>
      <node ref="J14" pin="4" pinfunction="Pin_4" pintype="passive"/>
      <node ref="J15" pin="4" pinfunction="Pin_4" pintype="passive"/>
      <node ref="J16" pin="4" pinfunction="Pin_4" pintype="passive"/>
      <node ref="J17" pin="4" pinfunction="Pin_4" pintype="passive"/>
      <node ref="J18" pin="4" pinfunction="Pin_4" pintype="passive"/>
      <node ref="J19" pin="4" pinfunction="Pin_4" pintype="passive"/>
      <node ref="J20" pin="4" pinfunction="Pin_4" pintype="passive"/>
      <node ref="J21" pin="4" pinfunction="Pin_4" pintype="passive"/>
      <node ref="J22" pin="4" pinfunction="Pin_4" pintype="passive"/>
      <node ref="J23" pin="4" pinfunction="Pin_4" pintype="passive"/>
      <node ref="J24" pin="4" pinfunction="Pin_4" pintype="passive"/>
      <node ref="J25" pin="4" pinfunction="Pin_4" pintype="passive"/>
      <node ref="J26" pin="4" pinfunction="Pin_4" pintype="passive"/>
      <node ref="J27" pin="4" pinfunction="Pin_4" pintype="passive"/>
      <node ref="J6" pin="4" pinfunction="Pin_4" pintype="passive"/>
      <node ref="J7" pin="4" pinfunction="Pin_4" pintype="passive"/>
      <node ref="J8" pin="4" pinfunction="Pin_4" pintype="passive"/>
      <node ref="J9" pin="4" pinfunction="Pin_4" pintype="passive"/>
      <node ref="R8" pin="2" pintype="passive"/>
      <node ref="U4" pin="18" pinfunction="O1" pintype="open_collector"/>
    </net>
    <net code="5" name="/EN_1">
      <node ref="U2" pin="35" pinfunction="PA2" pintype="bidirectional"/>
      <node ref="U4" pin="3" pinfunction="I3" pintype="input"/>
    </net>
    <net code="6" name="/EN_2">
      <node ref="U2" pin="34" pinfunction="PA3" pintype="bidirectional"/>
      <node ref="U4" pin="4" pinfunction="I4" pintype="input"/>
    </net>
    <net code="7" name="/EN_3">
      <node ref="U2" pin="33" pinfunction="PA4" pintype="bidirectional"/>
      <node ref="U4" pin="5" pinfunction="I5" pintype="input"/>
    </net>
    <net code="8" name="/EN_4">
      <node ref="U2" pin="32" pinfunction="PA5" pintype="bidirectional"/>
      <node ref="U4" pin="6" pinfunction="I6" pintype="input"/>
    </net>
    <net code="9" name="/EN_5">
      <node ref="U2" pin="31" pinfunction="PA6" pintype="bidirectional"/>
      <node ref="U4" pin="7" pinfunction="I7" pintype="input"/>
    </net>
    <net code="10" name="/EN_6">
      <node ref="U2" pin="30" pinfunction="PA7" pintype="bidirectional"/>
      <node ref="U4" pin="8" pinfunction="I8" pintype="input"/>
    </net>
    <net code="11" name="/EN_7">
      <node ref="U2" pin="19" pinfunction="PC0" pintype="bidirectional"/>
      <node ref="U5" pin="1" pinfunction="I1" pintype="input"/>
    </net>
    <net code="12" name="/EN_8">
      <node ref="U2" pin="20" pinfunction="PC1" pintype="bidirectional"/>
      <node ref="U5" pin="2" pinfunction="I2" pintype="input"/>
    </net>
    <net code="13" name="/EN_9">
      <node ref="U2" pin="21" pinfunction="PC2" pintype="bidirectional"/>
      <node ref="U5" pin="3" pinfunction="I3" pintype="input"/>
    </net>
    <net code="14" name="/EN_10">
      <node ref="U2" pin="22" pinfunction="PC3" pintype="bidirectional"/>
      <node ref="U5" pin="4" pinfunction="I4" pintype="input"/>
    </net>
    <net code="15" name="/EN_11">
      <node ref="U2" pin="23" pinfunction="PC4" pintype="bidirectional"/>
      <node ref="U5" pin="5" pinfunction="I5" pintype="input"/>
    </net>
    <net code="16" name="/EN_12">
      <node ref="U2" pin="24" pinfunction="PC5" pintype="bidirectional"/>
      <node ref="U5" pin="6" pinfunction="I6" pintype="input"/>
    </net>
    <net code="17" name="/EN_13">
      <node ref="U2" pin="25" pinfunction="PC6" pintype="bidirectional"/>
      <node ref="U5" pin="7" pinfunction="I7" pintype="input"/>
    </net>
    <net code="18" name="/EN_14">
      <node ref="U2" pin="26" pinfunction="PC7" pintype="bidirectional"/>
      <node ref="U5" pin="8" pinfunction="I8" pintype="input"/>
    </net>
    <net code="19" name="/EN_15">
      <node ref="U2" pin="42" pinfunction="PB2" pintype="bidirectional"/>
      <node ref="U6" pin="1" pinfunction="I1" pintype="input"/>
    </net>
    <net code="20" name="/EN_16">
      <node ref="U2" pin="43" pinfunction="PB3" pintype="bidirectional"/>
      <node ref="U6" pin="2" pinfunction="I2" pintype="input"/>
    </net>
    <net code="21" name="/EN_17">
      <node ref="U2" pin="44" pinfunction="PB4" pintype="bidirectional"/>
      <node ref="U6" pin="3" pinfunction="I3" pintype="input"/>
    </net>
    <net code="22" name="/EN_18">
      <node ref="U2" pin="10" pinfunction="PD1" pintype="bidirectional"/>
      <node ref="U6" pin="4" pinfunction="I4" pintype="input"/>
    </net>
    <net code="23" name="/EN_19">
      <node ref="U2" pin="13" pinfunction="PD4" pintype="bidirectional"/>
      <node ref="U6" pin="5" pinfunction="I5" pintype="input"/>
    </net>
    <net code="24" name="/EN_20">
      <node ref="U2" pin="14" pinfunction="PD5" pintype="bidirectional"/>
      <node ref="U6" pin="6" pinfunction="I6" pintype="input"/>
    </net>
    <net code="25" name="/EN_21">
      <node ref="U2" pin="15" pinfunction="PD6" pintype="bidirectional"/>
      <node ref="U6" pin="7" pinfunction="I7" pintype="input"/>
    </net>
    <net code="26" name="/EN_22">
      <node ref="U2" pin="16" pinfunction="PD7" pintype="bidirectional"/>
      <node ref="U6" pin="8" pinfunction="I8" pintype="input"/>
    </net>
    <net code="27" name="/ds18">
      <node ref="J3" pin="2" pinfunction="Pin_2" pintype="passive"/>
      <node ref="R2" pin="2" pintype="passive"/>
      <node ref="U2" pin="40" pinfunction="PB0" pintype="bidirectional"/>
    </net>
    <net code="28" name="/en_blu">
      <node ref="R6" pin="1" pintype="passive"/>
      <node ref="U2" pin="41" pinfunction="PB1" pintype="bidirectional"/>
    </net>
    <net code="29" name="/gps_tx">
      <node ref="R1" pin="2" pintype="passive"/>
      <node ref="U2" pin="9" pinfunction="PD0" pintype="bidirectional"/>
    </net>
    <net code="30" name="/miso">
      <node ref="J2" pin="3" pinfunction="Pin_3" pintype="passive"/>
      <node ref="U2" pin="2" pinfunction="PB6" pintype="bidirectional"/>
    </net>
    <net code="31" name="/mosi">
      <node ref="J2" pin="4" pinfunction="Pin_4" pintype="passive"/>
      <node ref="R7" pin="1" pintype="passive"/>
      <node ref="U2" pin="1" pinfunction="PB5" pintype="bidirectional"/>
    </net>
    <net code="32" name="/rst">
      <node ref="C5" pin="1" pintype="passive"/>
      <node ref="J2" pin="1" pinfunction="Pin_1" pintype="passive"/>
      <node ref="R3" pin="2" pintype="passive"/>
      <node ref="U2" pin="4" pinfunction="~{RESET}" pintype="input"/>
    </net>
    <net code="33" name="/rx_blu">
      <node ref="R5" pin="1" pintype="passive"/>
      <node ref="U2" pin="11" pinfunction="PD2" pintype="bidirectional"/>
    </net>
    <net code="34" name="/sck">
      <node ref="J2" pin="2" pinfunction="Pin_2" pintype="passive"/>
      <node ref="U2" pin="3" pinfunction="PB7" pintype="bidirectional"/>
    </net>
    <net code="35" name="/tx_blu">
      <node ref="R4" pin="2" pintype="passive"/>
      <node ref="U2" pin="12" pinfunction="PD3" pintype="bidirectional"/>
    </net>
    <net code="36" name="GND">
      <node ref="C1" pin="1" pintype="passive"/>
      <node ref="C10" pin="2" pintype="passive"/>
      <node ref="C11" pin="2" pintype="passive"/>
      <node ref="C12" pin="2" pintype="passive"/>
      <node ref="C13" pin="2" pintype="passive"/>
      <node ref="C14" pin="2" pintype="passive"/>
      <node ref="C15" pin="2" pintype="passive"/>
      <node ref="C16" pin="2" pintype="passive"/>
      <node ref="C17" pin="2" pintype="passive"/>
      <node ref="C18" pin="2" pintype="passive"/>
      <node ref="C2" pin="1" pintype="passive"/>
      <node ref="C3" pin="2" pintype="passive"/>
      <node ref="C4" pin="2" pintype="passive"/>
      <node ref="C5" pin="2" pintype="passive"/>
      <node ref="C6" pin="2" pintype="passive"/>
      <node ref="C7" pin="2" pintype="passive"/>
      <node ref="C8" pin="2" pintype="passive"/>
      <node ref="C9" pin="2" pintype="passive"/>
      <node ref="D1" pin="1" pinfunction="K" pintype="passive"/>
      <node ref="J1" pin="1" pinfunction="Pin_1" pintype="passive"/>
      <node ref="J10" pin="1" pinfunction="Pin_1" pintype="passive"/>
      <node ref="J11" pin="1" pinfunction="Pin_1" pintype="passive"/>
      <node ref="J12" pin="1" pinfunction="Pin_1" pintype="passive"/>
      <node ref="J13" pin="1" pinfunction="Pin_1" pintype="passive"/>
      <node ref="J14" pin="1" pinfunction="Pin_1" pintype="passive"/>
      <node ref="J15" pin="1" pinfunction="Pin_1" pintype="passive"/>
      <node ref="J16" pin="1" pinfunction="Pin_1" pintype="passive"/>
      <node ref="J17" pin="1" pinfunction="Pin_1" pintype="passive"/>
      <node ref="J18" pin="1" pinfunction="Pin_1" pintype="passive"/>
      <node ref="J19" pin="1" pinfunction="Pin_1" pintype="passive"/>
      <node ref="J2" pin="5" pinfunction="Pin_5" pintype="passive"/>
      <node ref="J20" pin="1" pinfunction="Pin_1" pintype="passive"/>
      <node ref="J21" pin="1" pinfunction="Pin_1" pintype="passive"/>
      <node ref="J22" pin="1" pinfunction="Pin_1" pintype="passive"/>
      <node ref="J23" pin="1" pinfunction="Pin_1" pintype="passive"/>
      <node ref="J24" pin="1" pinfunction="Pin_1" pintype="passive"/>
      <node ref="J25" pin="1" pinfunction="Pin_1" pintype="passive"/>
      <node ref="J26" pin="1" pinfunction="Pin_1" pintype="passive"/>
      <node ref="J27" pin="1" pinfunction="Pin_1" pintype="passive"/>
      <node ref="J3" pin="1" pinfunction="Pin_1" pintype="passive"/>
      <node ref="J4" pin="4" pinfunction="Pin_4" pintype="passive"/>
      <node ref="J6" pin="1" pinfunction="Pin_1" pintype="passive"/>
      <node ref="J7" pin="1" pinfunction="Pin_1" pintype="passive"/>
      <node ref="J8" pin="1" pinfunction="Pin_1" pintype="passive"/>
      <node ref="J9" pin="1" pinfunction="Pin_1" pintype="passive"/>
      <node ref="U1" pin="4" pinfunction="V-" pintype="power_in"/>
      <node ref="U2" pin="18" pinfunction="GND" pintype="passive"/>
      <node ref="U2" pin="28" pinfunction="GND" pintype="passive"/>
      <node ref="U2" pin="39" pinfunction="GND" pintype="passive"/>
      <node ref="U2" pin="6" pinfunction="GND" pintype="power_in"/>
      <node ref="U3" pin="2" pinfunction="GND" pintype="power_in"/>
      <node ref="U4" pin="9" pinfunction="GND" pintype="power_in"/>
      <node ref="U5" pin="9" pinfunction="GND" pintype="power_in"/>
      <node ref="U6" pin="9" pinfunction="GND" pintype="power_in"/>
    </net>
    <net code="37" name="Net-(D1-A)">
      <node ref="D1" pin="2" pinfunction="A" pintype="passive"/>
      <node ref="R7" pin="2" pintype="passive"/>
    </net>
    <net code="38" name="Net-(J1-Pin_2)">
      <node ref="J1" pin="2" pinfunction="Pin_2" pintype="passive"/>
      <node ref="R1" pin="1" pintype="passive"/>
    </net>
    <net code="39" name="Net-(J4-Pin_2)">
      <node ref="J4" pin="2" pinfunction="Pin_2" pintype="passive"/>
      <node ref="R4" pin="1" pintype="passive"/>
    </net>
    <net code="40" name="Net-(J4-Pin_3)">
      <node ref="J4" pin="3" pinfunction="Pin_3" pintype="passive"/>
      <node ref="R5" pin="2" pintype="passive"/>
    </net>
    <net code="41" name="Net-(J4-Pin_6)">
      <node ref="J4" pin="6" pinfunction="Pin_6" pintype="passive"/>
      <node ref="R6" pin="2" pintype="passive"/>
    </net>
    <net code="42" name="Net-(J6-Pin_2)">
      <node ref="J6" pin="2" pinfunction="Pin_2" pintype="passive"/>
      <node ref="R25" pin="2" pintype="passive"/>
      <node ref="U5" pin="13" pinfunction="O6" pintype="open_collector"/>
    </net>
    <net code="43" name="Net-(J7-Pin_2)">
      <node ref="J7" pin="2" pinfunction="Pin_2" pintype="passive"/>
      <node ref="R26" pin="2" pintype="passive"/>
      <node ref="U5" pin="12" pinfunction="O7" pintype="open_collector"/>
    </net>
    <net code="44" name="Net-(J8-Pin_2)">
      <node ref="J8" pin="2" pinfunction="Pin_2" pintype="passive"/>
      <node ref="R27" pin="2" pintype="passive"/>
      <node ref="U5" pin="11" pinfunction="O8" pintype="open_collector"/>
    </net>
    <net code="45" name="Net-(J9-Pin_2)">
      <node ref="J9" pin="2" pinfunction="Pin_2" pintype="passive"/>
      <node ref="R28" pin="2" pintype="passive"/>
      <node ref="U6" pin="18" pinfunction="O1" pintype="open_collector"/>
    </net>
    <net code="46" name="Net-(J10-Pin_2)">
      <node ref="J10" pin="2" pinfunction="Pin_2" pintype="passive"/>
      <node ref="R29" pin="2" pintype="passive"/>
      <node ref="U6" pin="17" pinfunction="O2" pintype="open_collector"/>
    </net>
    <net code="47" name="Net-(J11-Pin_2)">
      <node ref="J11" pin="2" pinfunction="Pin_2" pintype="passive"/>
      <node ref="R30" pin="2" pintype="passive"/>
      <node ref="U6" pin="16" pinfunction="O3" pintype="open_collector"/>
    </net>
    <net code="48" name="Net-(J12-Pin_2)">
      <node ref="J12" pin="2" pinfunction="Pin_2" pintype="passive"/>
      <node ref="R31" pin="2" pintype="passive"/>
      <node ref="U6" pin="15" pinfunction="O4" pintype="open_collector"/>
    </net>
    <net code="49" name="Net-(J13-Pin_2)">
      <node ref="J13" pin="2" pinfunction="Pin_2" pintype="passive"/>
      <node ref="R18" pin="2" pintype="passive"/>
      <node ref="U6" pin="14" pinfunction="O5" pintype="open_collector"/>
    </net>
    <net code="50" name="Net-(J14-Pin_2)">
      <node ref="J14" pin="2" pinfunction="Pin_2" pintype="passive"/>
      <node ref="R16" pin="2" pintype="passive"/>
      <node ref="U6" pin="13" pinfunction="O6" pintype="open_collector"/>
    </net>
    <net code="51" name="Net-(J15-Pin_2)">
      <node ref="J15" pin="2" pinfunction="Pin_2" pintype="passive"/>
      <node ref="R14" pin="2" pintype="passive"/>
      <node ref="U6" pin="12" pinfunction="O7" pintype="open_collector"/>
    </net>
    <net code="52" name="Net-(J16-Pin_2)">
      <node ref="J16" pin="2" pinfunction="Pin_2" pintype="passive"/>
      <node ref="R12" pin="2" pintype="passive"/>
      <node ref="U6" pin="11" pinfunction="O8" pintype="open_collector"/>
    </net>
    <net code="53" name="Net-(J17-Pin_2)">
      <node ref="J17" pin="2" pinfunction="Pin_2" pintype="passive"/>
      <node ref="R10" pin="2" pintype="passive"/>
      <node ref="U4" pin="16" pinfunction="O3" pintype="open_collector"/>
    </net>
    <net code="54" name="Net-(J18-Pin_2)">
      <node ref="J18" pin="2" pinfunction="Pin_2" pintype="passive"/>
      <node ref="R11" pin="2" pintype="passive"/>
      <node ref="U4" pin="15" pinfunction="O4" pintype="open_collector"/>
    </net>
    <net code="55" name="Net-(J19-Pin_2)">
      <node ref="J19" pin="2" pinfunction="Pin_2" pintype="passive"/>
      <node ref="R13" pin="2" pintype="passive"/>
      <node ref="U4" pin="14" pinfunction="O5" pintype="open_collector"/>
    </net>
    <net code="56" name="Net-(J20-Pin_2)">
      <node ref="J20" pin="2" pinfunction="Pin_2" pintype="passive"/>
      <node ref="R15" pin="2" pintype="passive"/>
      <node ref="U4" pin="13" pinfunction="O6" pintype="open_collector"/>
    </net>
    <net code="57" name="Net-(J21-Pin_2)">
      <node ref="J21" pin="2" pinfunction="Pin_2" pintype="passive"/>
      <node ref="R17" pin="2" pintype="passive"/>
      <node ref="U4" pin="12" pinfunction="O7" pintype="open_collector"/>
    </net>
    <net code="58" name="Net-(J22-Pin_2)">
      <node ref="J22" pin="2" pinfunction="Pin_2" pintype="passive"/>
      <node ref="R19" pin="2" pintype="passive"/>
      <node ref="U4" pin="11" pinfunction="O8" pintype="open_collector"/>
    </net>
    <net code="59" name="Net-(J23-Pin_2)">
      <node ref="J23" pin="2" pinfunction="Pin_2" pintype="passive"/>
      <node ref="R20" pin="2" pintype="passive"/>
      <node ref="U5" pin="18" pinfunction="O1" pintype="open_collector"/>
    </net>
    <net code="60" name="Net-(J24-Pin_2)">
      <node ref="J24" pin="2" pinfunction="Pin_2" pintype="passive"/>
      <node ref="R21" pin="2" pintype="passive"/>
      <node ref="U5" pin="17" pinfunction="O2" pintype="open_collector"/>
    </net>
    <net code="61" name="Net-(J25-Pin_2)">
      <node ref="J25" pin="2" pinfunction="Pin_2" pintype="passive"/>
      <node ref="R22" pin="2" pintype="passive"/>
      <node ref="U5" pin="16" pinfunction="O3" pintype="open_collector"/>
    </net>
    <net code="62" name="Net-(J26-Pin_2)">
      <node ref="J26" pin="2" pinfunction="Pin_2" pintype="passive"/>
      <node ref="R23" pin="2" pintype="passive"/>
      <node ref="U5" pin="15" pinfunction="O4" pintype="open_collector"/>
    </net>
    <net code="63" name="Net-(J27-Pin_2)">
      <node ref="J27" pin="2" pinfunction="Pin_2" pintype="passive"/>
      <node ref="R24" pin="2" pintype="passive"/>
      <node ref="U5" pin="14" pinfunction="O5" pintype="open_collector"/>
    </net>
    <net code="64" name="Net-(U1-AC{slash}L)">
      <node ref="J5" pin="2" pinfunction="2" pintype="passive"/>
      <node ref="U1" pin="1" pinfunction="AC/L" pintype="power_in"/>
    </net>
    <net code="65" name="Net-(U1-AC{slash}N)">
      <node ref="J5" pin="1" pinfunction="1" pintype="passive"/>
      <node ref="U1" pin="2" pinfunction="AC/N" pintype="power_in"/>
    </net>
    <net code="66" name="Net-(U2-AREF)">
      <node ref="C6" pin="1" pintype="passive"/>
      <node ref="U2" pin="29" pinfunction="AREF" pintype="passive"/>
    </net>
    <net code="67" name="Net-(U2-XTAL1)">
      <node ref="C1" pin="2" pintype="passive"/>
      <node ref="U2" pin="8" pinfunction="XTAL1" pintype="input"/>
      <node ref="Y1" pin="2" pintype="passive"/>
    </net>
    <net code="68" name="Net-(U2-XTAL2)">
      <node ref="C2" pin="2" pintype="passive"/>
      <node ref="U2" pin="7" pinfunction="XTAL2" pintype="output"/>
      <node ref="Y1" pin="1" pintype="passive"/>
    </net>
    <net code="69" name="unconnected-(J4-Pin_1-Pad1)">
      <node ref="J4" pin="1" pinfunction="Pin_1" pintype="passive"/>
    </net>
    <net code="70" name="vcc 5v">
      <node ref="C10" pin="1" pintype="passive"/>
      <node ref="C11" pin="1" pintype="passive"/>
      <node ref="C12" pin="1" pintype="passive"/>
      <node ref="C13" pin="1" pintype="passive"/>
      <node ref="C14" pin="1" pintype="passive"/>
      <node ref="C15" pin="1" pintype="passive"/>
      <node ref="C16" pin="1" pintype="passive"/>
      <node ref="C17" pin="1" pintype="passive"/>
      <node ref="C18" pin="1" pintype="passive"/>
      <node ref="C3" pin="1" pintype="passive"/>
      <node ref="C4" pin="1" pintype="passive"/>
      <node ref="C7" pin="1" pintype="passive"/>
      <node ref="C8" pin="1" pintype="passive"/>
      <node ref="J1" pin="3" pinfunction="Pin_3" pintype="passive"/>
      <node ref="J3" pin="3" pinfunction="Pin_3" pintype="passive"/>
      <node ref="J4" pin="5" pinfunction="Pin_5" pintype="passive"/>
      <node ref="R10" pin="1" pintype="passive"/>
      <node ref="R11" pin="1" pintype="passive"/>
      <node ref="R12" pin="1" pintype="passive"/>
      <node ref="R13" pin="1" pintype="passive"/>
      <node ref="R14" pin="1" pintype="passive"/>
      <node ref="R15" pin="1" pintype="passive"/>
      <node ref="R16" pin="1" pintype="passive"/>
      <node ref="R17" pin="1" pintype="passive"/>
      <node ref="R18" pin="1" pintype="passive"/>
      <node ref="R19" pin="1" pintype="passive"/>
      <node ref="R2" pin="1" pintype="passive"/>
      <node ref="R20" pin="1" pintype="passive"/>
      <node ref="R21" pin="1" pintype="passive"/>
      <node ref="R22" pin="1" pintype="passive"/>
      <node ref="R23" pin="1" pintype="passive"/>
      <node ref="R24" pin="1" pintype="passive"/>
      <node ref="R25" pin="1" pintype="passive"/>
      <node ref="R26" pin="1" pintype="passive"/>
      <node ref="R27" pin="1" pintype="passive"/>
      <node ref="R28" pin="1" pintype="passive"/>
      <node ref="R29" pin="1" pintype="passive"/>
      <node ref="R3" pin="1" pintype="passive"/>
      <node ref="R30" pin="1" pintype="passive"/>
      <node ref="R31" pin="1" pintype="passive"/>
      <node ref="R8" pin="1" pintype="passive"/>
      <node ref="R9" pin="1" pintype="passive"/>
      <node ref="U2" pin="17" pinfunction="VCC" pintype="passive"/>
      <node ref="U2" pin="27" pinfunction="AVCC" pintype="power_in"/>
      <node ref="U2" pin="38" pinfunction="VCC" pintype="passive"/>
      <node ref="U2" pin="5" pinfunction="VCC" pintype="power_in"/>
      <node ref="U3" pin="3" pinfunction="OUT" pintype="power_out"/>
      <node ref="U4" pin="10" pinfunction="COM" pintype="passive"/>
      <node ref="U5" pin="10" pinfunction="COM" pintype="passive"/>
      <node ref="U6" pin="10" pinfunction="COM" pintype="passive"/>
    </net>
    <net code="71" name="vcc 12v">
      <node ref="C9" pin="1" pintype="passive"/>
      <node ref="U1" pin="3" pinfunction="V+" pintype="power_in"/>
      <node ref="U3" pin="1" pinfunction="IN" pintype="power_in"/>
    </net>
  </nets>
</export>
